[mvk-info] MoltenVK version 1.1.0. Vulkan version 1.1.154.
	The following 63 Vulkan extensions are supported:
		VK_KHR_16bit_storage v1
		VK_KHR_8bit_storage v1
		VK_KHR_bind_memory2 v1
		VK_KHR_create_renderpass2 v1
		VK_KHR_dedicated_allocation v3
		VK_KHR_depth_stencil_resolve v1
		VK_KHR_descriptor_update_template v1
		VK_KHR_device_group v4
		VK_KHR_device_group_creation v1
		VK_KHR_driver_properties v1
		VK_KHR_external_fence v1
		VK_KHR_external_fence_capabilities v1
		VK_KHR_external_memory v1
		VK_KHR_external_memory_capabilities v1
		VK_KHR_external_semaphore v1
		VK_KHR_external_semaphore_capabilities v1
		VK_KHR_get_memory_requirements2 v1
		VK_KHR_get_physical_device_properties2 v2
		VK_KHR_get_surface_capabilities2 v1
		VK_KHR_image_format_list v1
		VK_KHR_maintenance1 v2
		VK_KHR_maintenance2 v1
		VK_KHR_maintenance3 v1
		VK_KHR_multiview v1
		VK_KHR_portability_subset v1
		VK_KHR_push_descriptor v2
		VK_KHR_relaxed_block_layout v1
		VK_KHR_sampler_mirror_clamp_to_edge v3
		VK_KHR_sampler_ycbcr_conversion v14
		VK_KHR_shader_draw_parameters v1
		VK_KHR_shader_float16_int8 v1
		VK_KHR_shader_subgroup_extended_types v1
		VK_KHR_storage_buffer_storage_class v1
		VK_KHR_surface v25
		VK_KHR_swapchain v70
		VK_KHR_swapchain_mutable_format v1
		VK_KHR_uniform_buffer_standard_layout v1
		VK_KHR_variable_pointers v1
		VK_EXT_debug_marker v4
		VK_EXT_debug_report v9
		VK_EXT_debug_utils v2
		VK_EXT_fragment_shader_interlock v1
		VK_EXT_hdr_metadata v2
		VK_EXT_host_query_reset v1
		VK_EXT_image_robustness v1
		VK_EXT_inline_uniform_block v1
		VK_EXT_memory_budget v1
		VK_EXT_metal_surface v1
		VK_EXT_robustness2 v1
		VK_EXT_scalar_block_layout v1
		VK_EXT_shader_stencil_export v1
		VK_EXT_shader_viewport_index_layer v1
		VK_EXT_swapchain_colorspace v4
		VK_EXT_texel_buffer_alignment v1
		VK_EXT_vertex_attribute_divisor v3
		VK_MVK_macos_surface v3
		VK_MVK_moltenvk v28
		VK_AMD_gpu_shader_half_float v2
		VK_AMD_negative_viewport_height v1
		VK_AMD_shader_trinary_minmax v1
		VK_INTEL_shader_integer_functions2 v1
		VK_GOOGLE_display_timing v1
		VK_NV_glsl_shader v1
[mvk-info] GPU device:
		model: Apple M2
		type: Discrete
		vendorID: 000000
		deviceID: 000000
		pipelineCacheUUID: 00002774-0300-03ED-0000-000000000000
	supports the following Metal Versions, GPU's and Feature Sets:
		Metal Shading Language 2.2
		GPU Family Apple 5
		GPU Family Apple 4
		GPU Family Apple 3
		GPU Family Apple 2
		GPU Family Apple 1
		GPU Family Mac 2
		GPU Family Mac 1
		GPU Family Common 3
		GPU Family Common 2
		GPU Family Common 1
		macOS GPU Family 2 v1
		macOS GPU Family 1 v4
		macOS GPU Family 1 v3
		macOS GPU Family 1 v2
		macOS GPU Family 1 v1
[mvk-info] Created VkInstance with the following 0 Vulkan extensions enabled:
[mvk-info] MoltenVK version 1.1.0. Vulkan version 1.1.154.
	The following 63 Vulkan extensions are supported:
		VK_KHR_16bit_storage v1
		VK_KHR_8bit_storage v1
		VK_KHR_bind_memory2 v1
		VK_KHR_create_renderpass2 v1
		VK_KHR_dedicated_allocation v3
		VK_KHR_depth_stencil_resolve v1
		VK_KHR_descriptor_update_template v1
		VK_KHR_device_group v4
		VK_KHR_device_group_creation v1
		VK_KHR_driver_properties v1
		VK_KHR_external_fence v1
		VK_KHR_external_fence_capabilities v1
		VK_KHR_external_memory v1
		VK_KHR_external_memory_capabilities v1
		VK_KHR_external_semaphore v1
		VK_KHR_external_semaphore_capabilities v1
		VK_KHR_get_memory_requirements2 v1
		VK_KHR_get_physical_device_properties2 v2
		VK_KHR_get_surface_capabilities2 v1
		VK_KHR_image_format_list v1
		VK_KHR_maintenance1 v2
		VK_KHR_maintenance2 v1
		VK_KHR_maintenance3 v1
		VK_KHR_multiview v1
		VK_KHR_portability_subset v1
		VK_KHR_push_descriptor v2
		VK_KHR_relaxed_block_layout v1
		VK_KHR_sampler_mirror_clamp_to_edge v3
		VK_KHR_sampler_ycbcr_conversion v14
		VK_KHR_shader_draw_parameters v1
		VK_KHR_shader_float16_int8 v1
		VK_KHR_shader_subgroup_extended_types v1
		VK_KHR_storage_buffer_storage_class v1
		VK_KHR_surface v25
		VK_KHR_swapchain v70
		VK_KHR_swapchain_mutable_format v1
		VK_KHR_uniform_buffer_standard_layout v1
		VK_KHR_variable_pointers v1
		VK_EXT_debug_marker v4
		VK_EXT_debug_report v9
		VK_EXT_debug_utils v2
		VK_EXT_fragment_shader_interlock v1
		VK_EXT_hdr_metadata v2
		VK_EXT_host_query_reset v1
		VK_EXT_image_robustness v1
		VK_EXT_inline_uniform_block v1
		VK_EXT_memory_budget v1
		VK_EXT_metal_surface v1
		VK_EXT_robustness2 v1
		VK_EXT_scalar_block_layout v1
		VK_EXT_shader_stencil_export v1
		VK_EXT_shader_viewport_index_layer v1
		VK_EXT_swapchain_colorspace v4
		VK_EXT_texel_buffer_alignment v1
		VK_EXT_vertex_attribute_divisor v3
		VK_MVK_macos_surface v3
		VK_MVK_moltenvk v28
		VK_AMD_gpu_shader_half_float v2
		VK_AMD_negative_viewport_height v1
		VK_AMD_shader_trinary_minmax v1
		VK_INTEL_shader_integer_functions2 v1
		VK_GOOGLE_display_timing v1
		VK_NV_glsl_shader v1
[mvk-info] GPU device:
		model: Apple M2
		type: Discrete
		vendorID: 000000
		deviceID: 000000
		pipelineCacheUUID: 00002774-0300-03ED-0000-000000000000
	supports the following Metal Versions, GPU's and Feature Sets:
		Metal Shading Language 2.2
		GPU Family Apple 5
		GPU Family Apple 4
		GPU Family Apple 3
		GPU Family Apple 2
		GPU Family Apple 1
		GPU Family Mac 2
		GPU Family Mac 1
		GPU Family Common 3
		GPU Family Common 2
		GPU Family Common 1
		macOS GPU Family 2 v1
		macOS GPU Family 1 v4
		macOS GPU Family 1 v3
		macOS GPU Family 1 v2
		macOS GPU Family 1 v1
[mvk-info] Created VkInstance with the following 2 Vulkan extensions enabled:
		VK_KHR_surface v25
		VK_EXT_metal_surface v1
[mvk-info] Using MTLFence for Vulkan semaphores.
[mvk-info] Created VkDevice to run on GPU Apple M2 with the following 1 Vulkan extensions enabled:
		VK_KHR_swapchain v70
[mvk-info] Created 3 swapchain images with initial size (1280, 960).
53:39:882 Core/HW/EXI_DeviceSlippi.cpp:3302 E[SLIPPI]: EXI SLIPPI: Invalid command byte: 0x3A. Prev command: 0x0
53:40:199 Core/HW/EXI_DeviceSlippi.cpp:3302 E[SLIPPI]: EXI SLIPPI: Invalid command byte: 0x3A. Prev command: 0x0
53:40:236 Core/HW/EXI_DeviceSlippi.cpp:3302 E[SLIPPI]: EXI SLIPPI: Invalid command byte: 0x3A. Prev command: 0x0
53:40:261 Core/HW/EXI_DeviceSlippi.cpp:3302 E[SLIPPI]: EXI SLIPPI: Invalid command byte: 0x3A. Prev command: 0x0
53:40:270 Core/HW/EXI_DeviceSlippi.cpp:3302 E[SLIPPI]: EXI SLIPPI: Invalid command byte: 0x3A. Prev command: 0x0
53:40:290 Core/HW/EXI_DeviceSlippi.cpp:3302 E[SLIPPI]: EXI SLIPPI: Invalid command byte: 0x3A. Prev command: 0x0
53:40:306 Core/HW/EXI_DeviceSlippi.cpp:3302 E[SLIPPI]: EXI SLIPPI: Invalid command byte: 0x3A. Prev command: 0x0
53:40:322 Core/HW/EXI_DeviceSlippi.cpp:3302 E[SLIPPI]: EXI SLIPPI: Invalid command byte: 0x3A. Prev command: 0x0
53:40:337 Core/HW/EXI_DeviceSlippi.cpp:3302 E[SLIPPI]: EXI SLIPPI: Invalid command byte: 0x3A. Prev command: 0x0
53:40:355 Core/HW/EXI_DeviceSlippi.cpp:3302 E[SLIPPI]: EXI SLIPPI: Invalid command byte: 0x3A. Prev command: 0x0
53:40:372 Core/HW/EXI_DeviceSlippi.cpp:3302 E[SLIPPI]: EXI SLIPPI: Invalid command byte: 0x3A. Prev command: 0x0
53:40:388 Core/HW/EXI_DeviceSlippi.cpp:3302 E[SLIPPI]: EXI SLIPPI: Invalid command byte: 0x3A. Prev command: 0x0
53:40:404 Core/HW/EXI_DeviceSlippi.cpp:3302 E[SLIPPI]: EXI SLIPPI: Invalid command byte: 0x3A. Prev command: 0x0
53:40:422 Core/HW/EXI_DeviceSlippi.cpp:3302 E[SLIPPI]: EXI SLIPPI: Invalid command byte: 0x3A. Prev command: 0x0
53:40:437 Core/HW/EXI_DeviceSlippi.cpp:3302 E[SLIPPI]: EXI SLIPPI: Invalid command byte: 0x3A. Prev command: 0x0
53:40:455 Core/HW/EXI_DeviceSlippi.cpp:3302 E[SLIPPI]: EXI SLIPPI: Invalid command byte: 0x3A. Prev command: 0x0
53:40:474 Core/HW/EXI_DeviceSlippi.cpp:3302 E[SLIPPI]: EXI SLIPPI: Invalid command byte: 0x3A. Prev command: 0x0
53:40:489 Core/HW/EXI_DeviceSlippi.cpp:3302 E[SLIPPI]: EXI SLIPPI: Invalid command byte: 0x3A. Prev command: 0x0
53:40:505 Core/HW/EXI_DeviceSlippi.cpp:3302 E[SLIPPI]: EXI SLIPPI: Invalid command byte: 0x3A. Prev command: 0x0
53:40:520 Core/HW/EXI_DeviceSlippi.cpp:3302 E[SLIPPI]: EXI SLIPPI: Invalid command byte: 0x3A. Prev command: 0x0
53:40:537 Core/HW/EXI_DeviceSlippi.cpp:3302 E[SLIPPI]: EXI SLIPPI: Invalid command byte: 0x3A. Prev command: 0x0
53:40:558 Core/HW/EXI_DeviceSlippi.cpp:3302 E[SLIPPI]: EXI SLIPPI: Invalid command byte: 0x3A. Prev command: 0x0
53:40:578 Core/HW/EXI_DeviceSlippi.cpp:3302 E[SLIPPI]: EXI SLIPPI: Invalid command byte: 0x3A. Prev command: 0x0
53:40:593 Core/HW/EXI_DeviceSlippi.cpp:3302 E[SLIPPI]: EXI SLIPPI: Invalid command byte: 0x3A. Prev command: 0x0
53:40:609 Core/HW/EXI_DeviceSlippi.cpp:3302 E[SLIPPI]: EXI SLIPPI: Invalid command byte: 0x3A. Prev command: 0x0
53:40:626 Core/HW/EXI_DeviceSlippi.cpp:3302 E[SLIPPI]: EXI SLIPPI: Invalid command byte: 0x3A. Prev command: 0x0
53:40:643 Core/HW/EXI_DeviceSlippi.cpp:3302 E[SLIPPI]: EXI SLIPPI: Invalid command byte: 0x3A. Prev command: 0x0
53:40:660 Core/HW/EXI_DeviceSlippi.cpp:3302 E[SLIPPI]: EXI SLIPPI: Invalid command byte: 0x3A. Prev command: 0x0
53:40:677 Core/HW/EXI_DeviceSlippi.cpp:3302 E[SLIPPI]: EXI SLIPPI: Invalid command byte: 0x3A. Prev command: 0x0
53:40:693 Core/HW/EXI_DeviceSlippi.cpp:3302 E[SLIPPI]: EXI SLIPPI: Invalid command byte: 0x3A. Prev command: 0x0
53:40:710 Core/HW/EXI_DeviceSlippi.cpp:3302 E[SLIPPI]: EXI SLIPPI: Invalid command byte: 0x3A. Prev command: 0x0
53:40:727 Core/HW/EXI_DeviceSlippi.cpp:3302 E[SLIPPI]: EXI SLIPPI: Invalid command byte: 0x3A. Prev command: 0x0
53:40:743 Core/HW/EXI_DeviceSlippi.cpp:3302 E[SLIPPI]: EXI SLIPPI: Invalid command byte: 0x3A. Prev command: 0x0
53:40:760 Core/HW/EXI_DeviceSlippi.cpp:3302 E[SLIPPI]: EXI SLIPPI: Invalid command byte: 0x3A. Prev command: 0x0
53:40:776 Core/HW/EXI_DeviceSlippi.cpp:3302 E[SLIPPI]: EXI SLIPPI: Invalid command byte: 0x3A. Prev command: 0x0
53:40:793 Core/HW/EXI_DeviceSlippi.cpp:3302 E[SLIPPI]: EXI SLIPPI: Invalid command byte: 0x3A. Prev command: 0x0
53:40:823 Core/HW/EXI_DeviceSlippi.cpp:3302 E[SLIPPI]: EXI SLIPPI: Invalid command byte: 0x3A. Prev command: 0x0
53:40:838 Core/HW/EXI_DeviceSlippi.cpp:3302 E[SLIPPI]: EXI SLIPPI: Invalid command byte: 0x3A. Prev command: 0x0
53:40:850 Core/HW/EXI_DeviceSlippi.cpp:3302 E[SLIPPI]: EXI SLIPPI: Invalid command byte: 0x3A. Prev command: 0x0
53:40:871 Core/HW/EXI_DeviceSlippi.cpp:3302 E[SLIPPI]: EXI SLIPPI: Invalid command byte: 0x3A. Prev command: 0x0
53:40:909 Core/HW/EXI_DeviceSlippi.cpp:3302 E[SLIPPI]: EXI SLIPPI: Invalid command byte: 0x3A. Prev command: 0x0
53:40:926 Core/HW/EXI_DeviceSlippi.cpp:3302 E[SLIPPI]: EXI SLIPPI: Invalid command byte: 0x3A. Prev command: 0x0
53:40:943 Core/HW/EXI_DeviceSlippi.cpp:3302 E[SLIPPI]: EXI SLIPPI: Invalid command byte: 0x3A. Prev command: 0x0
53:40:958 Core/HW/EXI_DeviceSlippi.cpp:3302 E[SLIPPI]: EXI SLIPPI: Invalid command byte: 0x3A. Prev command: 0x0
53:40:976 Core/HW/EXI_DeviceSlippi.cpp:3302 E[SLIPPI]: EXI SLIPPI: Invalid command byte: 0x3A. Prev command: 0x0
53:40:992 Core/HW/EXI_DeviceSlippi.cpp:3302 E[SLIPPI]: EXI SLIPPI: Invalid command byte: 0x3A. Prev command: 0x0
53:41:010 Core/HW/EXI_DeviceSlippi.cpp:3302 E[SLIPPI]: EXI SLIPPI: Invalid command byte: 0x3A. Prev command: 0x0
53:41:026 Core/HW/EXI_DeviceSlippi.cpp:3302 E[SLIPPI]: EXI SLIPPI: Invalid command byte: 0x3A. Prev command: 0x0
53:41:044 Core/HW/EXI_DeviceSlippi.cpp:3302 E[SLIPPI]: EXI SLIPPI: Invalid command byte: 0x3A. Prev command: 0x0
53:41:061 Core/HW/EXI_DeviceSlippi.cpp:3302 E[SLIPPI]: EXI SLIPPI: Invalid command byte: 0x3A. Prev command: 0x0
53:41:077 Core/HW/EXI_DeviceSlippi.cpp:3302 E[SLIPPI]: EXI SLIPPI: Invalid command byte: 0x3A. Prev command: 0x0
53:41:094 Core/HW/EXI_DeviceSlippi.cpp:3302 E[SLIPPI]: EXI SLIPPI: Invalid command byte: 0x3A. Prev command: 0x0
53:41:110 Core/HW/EXI_DeviceSlippi.cpp:3302 E[SLIPPI]: EXI SLIPPI: Invalid command byte: 0x3A. Prev command: 0x0
53:41:127 Core/HW/EXI_DeviceSlippi.cpp:3302 E[SLIPPI]: EXI SLIPPI: Invalid command byte: 0x3A. Prev command: 0x0
53:41:144 Core/HW/EXI_DeviceSlippi.cpp:3302 E[SLIPPI]: EXI SLIPPI: Invalid command byte: 0x3A. Prev command: 0x0
53:41:161 Core/HW/EXI_DeviceSlippi.cpp:3302 E[SLIPPI]: EXI SLIPPI: Invalid command byte: 0x3A. Prev command: 0x0
53:41:177 Core/HW/EXI_DeviceSlippi.cpp:3302 E[SLIPPI]: EXI SLIPPI: Invalid command byte: 0x3A. Prev command: 0x0
53:41:194 Core/HW/EXI_DeviceSlippi.cpp:3302 E[SLIPPI]: EXI SLIPPI: Invalid command byte: 0x3A. Prev command: 0x0
53:41:211 Core/HW/EXI_DeviceSlippi.cpp:3302 E[SLIPPI]: EXI SLIPPI: Invalid command byte: 0x3A. Prev command: 0x0
53:41:228 Core/HW/EXI_DeviceSlippi.cpp:3302 E[SLIPPI]: EXI SLIPPI: Invalid command byte: 0x3A. Prev command: 0x0
53:41:247 Core/HW/EXI_DeviceSlippi.cpp:3302 E[SLIPPI]: EXI SLIPPI: Invalid command byte: 0x3A. Prev command: 0x0
53:41:260 Core/HW/EXI_DeviceSlippi.cpp:3302 E[SLIPPI]: EXI SLIPPI: Invalid command byte: 0x3A. Prev command: 0x0
53:41:283 Core/HW/EXI_DeviceSlippi.cpp:3302 E[SLIPPI]: EXI SLIPPI: Invalid command byte: 0x3A. Prev command: 0x0
53:41:294 Core/HW/EXI_DeviceSlippi.cpp:3302 E[SLIPPI]: EXI SLIPPI: Invalid command byte: 0x3A. Prev command: 0x0
53:41:311 Core/HW/EXI_DeviceSlippi.cpp:3302 E[SLIPPI]: EXI SLIPPI: Invalid command byte: 0x3A. Prev command: 0x0
53:41:328 Core/HW/EXI_DeviceSlippi.cpp:3302 E[SLIPPI]: EXI SLIPPI: Invalid command byte: 0x3A. Prev command: 0x0
53:41:344 Core/HW/EXI_DeviceSlippi.cpp:3302 E[SLIPPI]: EXI SLIPPI: Invalid command byte: 0x3A. Prev command: 0x0
53:41:361 Core/HW/EXI_DeviceSlippi.cpp:3302 E[SLIPPI]: EXI SLIPPI: Invalid command byte: 0x3A. Prev command: 0x0
53:41:378 Core/HW/EXI_DeviceSlippi.cpp:3302 E[SLIPPI]: EXI SLIPPI: Invalid command byte: 0x3A. Prev command: 0x0
53:41:395 Core/HW/EXI_DeviceSlippi.cpp:3302 E[SLIPPI]: EXI SLIPPI: Invalid command byte: 0x3A. Prev command: 0x0
53:41:440 Core/HW/EXI_DeviceSlippi.cpp:3302 E[SLIPPI]: EXI SLIPPI: Invalid command byte: 0x3A. Prev command: 0x0
53:41:455 Core/HW/EXI_DeviceSlippi.cpp:3302 E[SLIPPI]: EXI SLIPPI: Invalid command byte: 0x3A. Prev command: 0x0
53:41:471 Core/HW/EXI_DeviceSlippi.cpp:3302 E[SLIPPI]: EXI SLIPPI: Invalid command byte: 0x3A. Prev command: 0x0
53:41:496 Core/HW/EXI_DeviceSlippi.cpp:3302 E[SLIPPI]: EXI SLIPPI: Invalid command byte: 0x3A. Prev command: 0x0
53:41:509 Core/HW/EXI_DeviceSlippi.cpp:3302 E[SLIPPI]: EXI SLIPPI: Invalid command byte: 0x3A. Prev command: 0x0
53:41:526 Core/HW/EXI_DeviceSlippi.cpp:3302 E[SLIPPI]: EXI SLIPPI: Invalid command byte: 0x3A. Prev command: 0x0
53:41:547 Core/HW/EXI_DeviceSlippi.cpp:3302 E[SLIPPI]: EXI SLIPPI: Invalid command byte: 0x3A. Prev command: 0x0
53:41:561 Core/HW/EXI_DeviceSlippi.cpp:3302 E[SLIPPI]: EXI SLIPPI: Invalid command byte: 0x3A. Prev command: 0x0
53:41:577 Core/HW/EXI_DeviceSlippi.cpp:3302 E[SLIPPI]: EXI SLIPPI: Invalid command byte: 0x3A. Prev command: 0x0
53:41:595 Core/HW/EXI_DeviceSlippi.cpp:3302 E[SLIPPI]: EXI SLIPPI: Invalid command byte: 0x3A. Prev command: 0x0
53:41:611 Core/HW/EXI_DeviceSlippi.cpp:3302 E[SLIPPI]: EXI SLIPPI: Invalid command byte: 0x3A. Prev command: 0x0
53:41:628 Core/HW/EXI_DeviceSlippi.cpp:3302 E[SLIPPI]: EXI SLIPPI: Invalid command byte: 0x3A. Prev command: 0x0
53:41:648 Core/HW/EXI_DeviceSlippi.cpp:3302 E[SLIPPI]: EXI SLIPPI: Invalid command byte: 0x3A. Prev command: 0x0
53:41:675 Core/HW/EXI_DeviceSlippi.cpp:3302 E[SLIPPI]: EXI SLIPPI: Invalid command byte: 0x3A. Prev command: 0x0
53:41:685 Core/HW/EXI_DeviceSlippi.cpp:3302 E[SLIPPI]: EXI SLIPPI: Invalid command byte: 0x3A. Prev command: 0x0
53:41:706 Core/HW/EXI_DeviceSlippi.cpp:3302 E[SLIPPI]: EXI SLIPPI: Invalid command byte: 0x3A. Prev command: 0x0
53:41:721 Core/HW/EXI_DeviceSlippi.cpp:3302 E[SLIPPI]: EXI SLIPPI: Invalid command byte: 0x3A. Prev command: 0x0
53:41:735 Core/HW/EXI_DeviceSlippi.cpp:3302 E[SLIPPI]: EXI SLIPPI: Invalid command byte: 0x3A. Prev command: 0x0
53:41:754 Core/HW/EXI_DeviceSlippi.cpp:3302 E[SLIPPI]: EXI SLIPPI: Invalid command byte: 0x3A. Prev command: 0x0
53:41:773 Core/HW/EXI_DeviceSlippi.cpp:3302 E[SLIPPI]: EXI SLIPPI: Invalid command byte: 0x3A. Prev command: 0x0
53:41:785 Core/HW/EXI_DeviceSlippi.cpp:3302 E[SLIPPI]: EXI SLIPPI: Invalid command byte: 0x3A. Prev command: 0x0
53:41:802 Core/HW/EXI_DeviceSlippi.cpp:3302 E[SLIPPI]: EXI SLIPPI: Invalid command byte: 0x3A. Prev command: 0x0
53:41:820 Core/HW/EXI_DeviceSlippi.cpp:3302 E[SLIPPI]: EXI SLIPPI: Invalid command byte: 0x3A. Prev command: 0x0
53:41:837 Core/HW/EXI_DeviceSlippi.cpp:3302 E[SLIPPI]: EXI SLIPPI: Invalid command byte: 0x3A. Prev command: 0x0
53:41:852 Core/HW/EXI_DeviceSlippi.cpp:3302 E[SLIPPI]: EXI SLIPPI: Invalid command byte: 0x3A. Prev command: 0x0
53:41:870 Core/HW/EXI_DeviceSlippi.cpp:3302 E[SLIPPI]: EXI SLIPPI: Invalid command byte: 0x3A. Prev command: 0x0
53:41:886 Core/HW/EXI_DeviceSlippi.cpp:3302 E[SLIPPI]: EXI SLIPPI: Invalid command byte: 0x3A. Prev command: 0x0
53:41:907 Core/HW/EXI_DeviceSlippi.cpp:3302 E[SLIPPI]: EXI SLIPPI: Invalid command byte: 0x3A. Prev command: 0x0
53:41:920 Core/HW/EXI_DeviceSlippi.cpp:3302 E[SLIPPI]: EXI SLIPPI: Invalid command byte: 0x3A. Prev command: 0x0
53:41:936 Core/HW/EXI_DeviceSlippi.cpp:3302 E[SLIPPI]: EXI SLIPPI: Invalid command byte: 0x3A. Prev command: 0x0
53:41:953 Core/HW/EXI_DeviceSlippi.cpp:3302 E[SLIPPI]: EXI SLIPPI: Invalid command byte: 0x3A. Prev command: 0x0
53:41:970 Core/HW/EXI_DeviceSlippi.cpp:3302 E[SLIPPI]: EXI SLIPPI: Invalid command byte: 0x3A. Prev command: 0x0
53:41:990 Core/HW/EXI_DeviceSlippi.cpp:3302 E[SLIPPI]: EXI SLIPPI: Invalid command byte: 0x3A. Prev command: 0x0
53:42:010 Core/HW/EXI_DeviceSlippi.cpp:3302 E[SLIPPI]: EXI SLIPPI: Invalid command byte: 0x3A. Prev command: 0x0
53:42:022 Core/HW/EXI_DeviceSlippi.cpp:3302 E[SLIPPI]: EXI SLIPPI: Invalid command byte: 0x3A. Prev command: 0x0
53:42:039 Core/HW/EXI_DeviceSlippi.cpp:3302 E[SLIPPI]: EXI SLIPPI: Invalid command byte: 0x3A. Prev command: 0x0
53:42:056 Core/HW/EXI_DeviceSlippi.cpp:3302 E[SLIPPI]: EXI SLIPPI: Invalid command byte: 0x3A. Prev command: 0x0
53:42:072 Core/HW/EXI_DeviceSlippi.cpp:3302 E[SLIPPI]: EXI SLIPPI: Invalid command byte: 0x3A. Prev command: 0x0
53:42:089 Core/HW/EXI_DeviceSlippi.cpp:3302 E[SLIPPI]: EXI SLIPPI: Invalid command byte: 0x3A. Prev command: 0x0
53:42:105 Core/HW/EXI_DeviceSlippi.cpp:3302 E[SLIPPI]: EXI SLIPPI: Invalid command byte: 0x3A. Prev command: 0x0
53:42:122 Core/HW/EXI_DeviceSlippi.cpp:3302 E[SLIPPI]: EXI SLIPPI: Invalid command byte: 0x3A. Prev command: 0x0
53:42:138 Core/HW/EXI_DeviceSlippi.cpp:3302 E[SLIPPI]: EXI SLIPPI: Invalid command byte: 0x3A. Prev command: 0x0
53:42:156 Core/HW/EXI_DeviceSlippi.cpp:3302 E[SLIPPI]: EXI SLIPPI: Invalid command byte: 0x3A. Prev command: 0x0
53:42:172 Core/HW/EXI_DeviceSlippi.cpp:3302 E[SLIPPI]: EXI SLIPPI: Invalid command byte: 0x3A. Prev command: 0x0
53:42:190 Core/HW/EXI_DeviceSlippi.cpp:3302 E[SLIPPI]: EXI SLIPPI: Invalid command byte: 0x3A. Prev command: 0x0
53:42:206 Core/HW/EXI_DeviceSlippi.cpp:3302 E[SLIPPI]: EXI SLIPPI: Invalid command byte: 0x3A. Prev command: 0x0
53:42:223 Core/HW/EXI_DeviceSlippi.cpp:3302 E[SLIPPI]: EXI SLIPPI: Invalid command byte: 0x3A. Prev command: 0x0
53:42:239 Core/HW/EXI_DeviceSlippi.cpp:3302 E[SLIPPI]: EXI SLIPPI: Invalid command byte: 0x3A. Prev command: 0x0
53:42:256 Core/HW/EXI_DeviceSlippi.cpp:3302 E[SLIPPI]: EXI SLIPPI: Invalid command byte: 0x3A. Prev command: 0x0
53:42:278 Core/HW/EXI_DeviceSlippi.cpp:3302 E[SLIPPI]: EXI SLIPPI: Invalid command byte: 0x3A. Prev command: 0x0
53:42:290 Core/HW/EXI_DeviceSlippi.cpp:3302 E[SLIPPI]: EXI SLIPPI: Invalid command byte: 0x3A. Prev command: 0x0
53:42:306 Core/HW/EXI_DeviceSlippi.cpp:3302 E[SLIPPI]: EXI SLIPPI: Invalid command byte: 0x3A. Prev command: 0x0
53:42:323 Core/HW/EXI_DeviceSlippi.cpp:3302 E[SLIPPI]: EXI SLIPPI: Invalid command byte: 0x3A. Prev command: 0x0
53:42:339 Core/HW/EXI_DeviceSlippi.cpp:3302 E[SLIPPI]: EXI SLIPPI: Invalid command byte: 0x3A. Prev command: 0x0
53:42:355 Core/HW/EXI_DeviceSlippi.cpp:3302 E[SLIPPI]: EXI SLIPPI: Invalid command byte: 0x3A. Prev command: 0x0
53:42:373 Core/HW/EXI_DeviceSlippi.cpp:3302 E[SLIPPI]: EXI SLIPPI: Invalid command byte: 0x3A. Prev command: 0x0
53:42:393 Core/HW/EXI_DeviceSlippi.cpp:3302 E[SLIPPI]: EXI SLIPPI: Invalid command byte: 0x3A. Prev command: 0x0
53:42:407 Core/HW/EXI_DeviceSlippi.cpp:3302 E[SLIPPI]: EXI SLIPPI: Invalid command byte: 0x3A. Prev command: 0x0
53:42:424 Core/HW/EXI_DeviceSlippi.cpp:3302 E[SLIPPI]: EXI SLIPPI: Invalid command byte: 0x3A. Prev command: 0x0
53:42:442 Core/HW/EXI_DeviceSlippi.cpp:3302 E[SLIPPI]: EXI SLIPPI: Invalid command byte: 0x3A. Prev command: 0x0
53:42:461 Core/HW/EXI_DeviceSlippi.cpp:3302 E[SLIPPI]: EXI SLIPPI: Invalid command byte: 0x3A. Prev command: 0x0
53:42:476 Core/HW/EXI_DeviceSlippi.cpp:3302 E[SLIPPI]: EXI SLIPPI: Invalid command byte: 0x3A. Prev command: 0x0
53:42:492 Core/HW/EXI_DeviceSlippi.cpp:3302 E[SLIPPI]: EXI SLIPPI: Invalid command byte: 0x3A. Prev command: 0x0
53:42:510 Core/HW/EXI_DeviceSlippi.cpp:3302 E[SLIPPI]: EXI SLIPPI: Invalid command byte: 0x3A. Prev command: 0x0
53:42:527 Core/HW/EXI_DeviceSlippi.cpp:3302 E[SLIPPI]: EXI SLIPPI: Invalid command byte: 0x3A. Prev command: 0x0
53:42:543 Core/HW/EXI_DeviceSlippi.cpp:3302 E[SLIPPI]: EXI SLIPPI: Invalid command byte: 0x3A. Prev command: 0x0
53:42:559 Core/HW/EXI_DeviceSlippi.cpp:3302 E[SLIPPI]: EXI SLIPPI: Invalid command byte: 0x3A. Prev command: 0x0
53:42:576 Core/HW/EXI_DeviceSlippi.cpp:3302 E[SLIPPI]: EXI SLIPPI: Invalid command byte: 0x3A. Prev command: 0x0
53:42:600 Core/HW/EXI_DeviceSlippi.cpp:3302 E[SLIPPI]: EXI SLIPPI: Invalid command byte: 0x3A. Prev command: 0x0
53:42:612 Core/HW/EXI_DeviceSlippi.cpp:3302 E[SLIPPI]: EXI SLIPPI: Invalid command byte: 0x3A. Prev command: 0x0
53:42:629 Core/HW/EXI_DeviceSlippi.cpp:3302 E[SLIPPI]: EXI SLIPPI: Invalid command byte: 0x3A. Prev command: 0x0
53:42:652 Core/HW/EXI_DeviceSlippi.cpp:3302 E[SLIPPI]: EXI SLIPPI: Invalid command byte: 0x3A. Prev command: 0x0
53:42:668 Core/HW/EXI_DeviceSlippi.cpp:3302 E[SLIPPI]: EXI SLIPPI: Invalid command byte: 0x3A. Prev command: 0x0
53:42:680 Core/HW/EXI_DeviceSlippi.cpp:3302 E[SLIPPI]: EXI SLIPPI: Invalid command byte: 0x3A. Prev command: 0x0
53:42:696 Core/HW/EXI_DeviceSlippi.cpp:3302 E[SLIPPI]: EXI SLIPPI: Invalid command byte: 0x3A. Prev command: 0x0
53:42:712 Core/HW/EXI_DeviceSlippi.cpp:3302 E[SLIPPI]: EXI SLIPPI: Invalid command byte: 0x3A. Prev command: 0x0
53:42:730 Core/HW/EXI_DeviceSlippi.cpp:3302 E[SLIPPI]: EXI SLIPPI: Invalid command byte: 0x3A. Prev command: 0x0
53:42:745 Core/HW/EXI_DeviceSlippi.cpp:3302 E[SLIPPI]: EXI SLIPPI: Invalid command byte: 0x3A. Prev command: 0x0
53:42:762 Core/HW/EXI_DeviceSlippi.cpp:3302 E[SLIPPI]: EXI SLIPPI: Invalid command byte: 0x3A. Prev command: 0x0
53:42:779 Core/HW/EXI_DeviceSlippi.cpp:3302 E[SLIPPI]: EXI SLIPPI: Invalid command byte: 0x3A. Prev command: 0x0
53:42:795 Core/HW/EXI_DeviceSlippi.cpp:3302 E[SLIPPI]: EXI SLIPPI: Invalid command byte: 0x3A. Prev command: 0x0
53:42:812 Core/HW/EXI_DeviceSlippi.cpp:3302 E[SLIPPI]: EXI SLIPPI: Invalid command byte: 0x3A. Prev command: 0x0
53:42:829 Core/HW/EXI_DeviceSlippi.cpp:3302 E[SLIPPI]: EXI SLIPPI: Invalid command byte: 0x3A. Prev command: 0x0
53:42:853 Core/HW/EXI_DeviceSlippi.cpp:3302 E[SLIPPI]: EXI SLIPPI: Invalid command byte: 0x3A. Prev command: 0x0
53:42:868 Core/HW/EXI_DeviceSlippi.cpp:3302 E[SLIPPI]: EXI SLIPPI: Invalid command byte: 0x3A. Prev command: 0x0
53:42:884 Core/HW/EXI_DeviceSlippi.cpp:3302 E[SLIPPI]: EXI SLIPPI: Invalid command byte: 0x3A. Prev command: 0x0
53:42:900 Core/HW/EXI_DeviceSlippi.cpp:3302 E[SLIPPI]: EXI SLIPPI: Invalid command byte: 0x3A. Prev command: 0x0
53:42:922 Core/HW/EXI_DeviceSlippi.cpp:3302 E[SLIPPI]: EXI SLIPPI: Invalid command byte: 0x3A. Prev command: 0x0
53:42:936 Core/HW/EXI_DeviceSlippi.cpp:3302 E[SLIPPI]: EXI SLIPPI: Invalid command byte: 0x3A. Prev command: 0x0
53:42:951 Core/HW/EXI_DeviceSlippi.cpp:3302 E[SLIPPI]: EXI SLIPPI: Invalid command byte: 0x3A. Prev command: 0x0
53:42:969 Core/HW/EXI_DeviceSlippi.cpp:3302 E[SLIPPI]: EXI SLIPPI: Invalid command byte: 0x3A. Prev command: 0x0
53:42:988 Core/HW/EXI_DeviceSlippi.cpp:3302 E[SLIPPI]: EXI SLIPPI: Invalid command byte: 0x3A. Prev command: 0x0
53:43:000 Core/HW/EXI_DeviceSlippi.cpp:3302 E[SLIPPI]: EXI SLIPPI: Invalid command byte: 0x3A. Prev command: 0x0
53:43:018 Core/HW/EXI_DeviceSlippi.cpp:3302 E[SLIPPI]: EXI SLIPPI: Invalid command byte: 0x3A. Prev command: 0x0
53:43:035 Core/HW/EXI_DeviceSlippi.cpp:3302 E[SLIPPI]: EXI SLIPPI: Invalid command byte: 0x3A. Prev command: 0x0
53:43:054 Core/HW/EXI_DeviceSlippi.cpp:3302 E[SLIPPI]: EXI SLIPPI: Invalid command byte: 0x3A. Prev command: 0x0
53:43:068 Core/HW/EXI_DeviceSlippi.cpp:3302 E[SLIPPI]: EXI SLIPPI: Invalid command byte: 0x3A. Prev command: 0x0
53:43:084 Core/HW/EXI_DeviceSlippi.cpp:3302 E[SLIPPI]: EXI SLIPPI: Invalid command byte: 0x3A. Prev command: 0x0
53:43:100 Core/HW/EXI_DeviceSlippi.cpp:3302 E[SLIPPI]: EXI SLIPPI: Invalid command byte: 0x3A. Prev command: 0x0
53:43:121 Core/HW/EXI_DeviceSlippi.cpp:3302 E[SLIPPI]: EXI SLIPPI: Invalid command byte: 0x3A. Prev command: 0x0
53:43:136 Core/HW/EXI_DeviceSlippi.cpp:3302 E[SLIPPI]: EXI SLIPPI: Invalid command byte: 0x3A. Prev command: 0x0
53:43:150 Core/HW/EXI_DeviceSlippi.cpp:3302 E[SLIPPI]: EXI SLIPPI: Invalid command byte: 0x3A. Prev command: 0x0
53:43:169 Core/HW/EXI_DeviceSlippi.cpp:3302 E[SLIPPI]: EXI SLIPPI: Invalid command byte: 0x3A. Prev command: 0x0
53:43:188 Core/HW/EXI_DeviceSlippi.cpp:3302 E[SLIPPI]: EXI SLIPPI: Invalid command byte: 0x3A. Prev command: 0x0
53:43:205 Core/HW/EXI_DeviceSlippi.cpp:3302 E[SLIPPI]: EXI SLIPPI: Invalid command byte: 0x3A. Prev command: 0x0
53:43:218 Core/HW/EXI_DeviceSlippi.cpp:3302 E[SLIPPI]: EXI SLIPPI: Invalid command byte: 0x3A. Prev command: 0x0
53:43:234 Core/HW/EXI_DeviceSlippi.cpp:3302 E[SLIPPI]: EXI SLIPPI: Invalid command byte: 0x3A. Prev command: 0x0
53:43:259 Core/HW/EXI_DeviceSlippi.cpp:3302 E[SLIPPI]: EXI SLIPPI: Invalid command byte: 0x3A. Prev command: 0x0
53:43:271 Core/HW/EXI_DeviceSlippi.cpp:3302 E[SLIPPI]: EXI SLIPPI: Invalid command byte: 0x3A. Prev command: 0x0
53:43:288 Core/HW/EXI_DeviceSlippi.cpp:3302 E[SLIPPI]: EXI SLIPPI: Invalid command byte: 0x3A. Prev command: 0x0
53:43:304 Core/HW/EXI_DeviceSlippi.cpp:3302 E[SLIPPI]: EXI SLIPPI: Invalid command byte: 0x3A. Prev command: 0x0
53:43:322 Core/HW/EXI_DeviceSlippi.cpp:3302 E[SLIPPI]: EXI SLIPPI: Invalid command byte: 0x3A. Prev command: 0x0
53:43:337 Core/HW/EXI_DeviceSlippi.cpp:3302 E[SLIPPI]: EXI SLIPPI: Invalid command byte: 0x3A. Prev command: 0x0
53:43:354 Core/HW/EXI_DeviceSlippi.cpp:3302 E[SLIPPI]: EXI SLIPPI: Invalid command byte: 0x3A. Prev command: 0x0
53:43:370 Core/HW/EXI_DeviceSlippi.cpp:3302 E[SLIPPI]: EXI SLIPPI: Invalid command byte: 0x3A. Prev command: 0x0
53:43:393 Core/HW/EXI_DeviceSlippi.cpp:3302 E[SLIPPI]: EXI SLIPPI: Invalid command byte: 0x3A. Prev command: 0x0
53:43:408 Core/HW/EXI_DeviceSlippi.cpp:3302 E[SLIPPI]: EXI SLIPPI: Invalid command byte: 0x3A. Prev command: 0x0
53:43:425 Core/HW/EXI_DeviceSlippi.cpp:3302 E[SLIPPI]: EXI SLIPPI: Invalid command byte: 0x3A. Prev command: 0x0
53:43:441 Core/HW/EXI_DeviceSlippi.cpp:3302 E[SLIPPI]: EXI SLIPPI: Invalid command byte: 0x3A. Prev command: 0x0
53:43:460 Core/HW/EXI_DeviceSlippi.cpp:3302 E[SLIPPI]: EXI SLIPPI: Invalid command byte: 0x3A. Prev command: 0x0
53:43:475 Core/HW/EXI_DeviceSlippi.cpp:3302 E[SLIPPI]: EXI SLIPPI: Invalid command byte: 0x3A. Prev command: 0x0
53:43:491 Core/HW/EXI_DeviceSlippi.cpp:3302 E[SLIPPI]: EXI SLIPPI: Invalid command byte: 0x3A. Prev command: 0x0
53:43:508 Core/HW/EXI_DeviceSlippi.cpp:3302 E[SLIPPI]: EXI SLIPPI: Invalid command byte: 0x3A. Prev command: 0x0
53:43:531 Core/HW/EXI_DeviceSlippi.cpp:3302 E[SLIPPI]: EXI SLIPPI: Invalid command byte: 0x3A. Prev command: 0x0
53:43:546 Core/HW/EXI_DeviceSlippi.cpp:3302 E[SLIPPI]: EXI SLIPPI: Invalid command byte: 0x3A. Prev command: 0x0
53:43:568 Core/HW/EXI_DeviceSlippi.cpp:3302 E[SLIPPI]: EXI SLIPPI: Invalid command byte: 0x3A. Prev command: 0x0
53:43:579 Core/HW/EXI_DeviceSlippi.cpp:3302 E[SLIPPI]: EXI SLIPPI: Invalid command byte: 0x3A. Prev command: 0x0
53:43:598 Core/HW/EXI_DeviceSlippi.cpp:3302 E[SLIPPI]: EXI SLIPPI: Invalid command byte: 0x3A. Prev command: 0x0
53:43:623 Core/HW/EXI_DeviceSlippi.cpp:3302 E[SLIPPI]: EXI SLIPPI: Invalid command byte: 0x3A. Prev command: 0x0
53:43:638 Core/HW/EXI_DeviceSlippi.cpp:3302 E[SLIPPI]: EXI SLIPPI: Invalid command byte: 0x3A. Prev command: 0x0
53:43:654 Core/HW/EXI_DeviceSlippi.cpp:3302 E[SLIPPI]: EXI SLIPPI: Invalid command byte: 0x3A. Prev command: 0x0
53:43:672 Core/HW/EXI_DeviceSlippi.cpp:3302 E[SLIPPI]: EXI SLIPPI: Invalid command byte: 0x3A. Prev command: 0x0
53:43:686 Core/HW/EXI_DeviceSlippi.cpp:3302 E[SLIPPI]: EXI SLIPPI: Invalid command byte: 0x3A. Prev command: 0x0
53:43:702 Core/HW/EXI_DeviceSlippi.cpp:3302 E[SLIPPI]: EXI SLIPPI: Invalid command byte: 0x3A. Prev command: 0x0
53:43:722 Core/HW/EXI_DeviceSlippi.cpp:3302 E[SLIPPI]: EXI SLIPPI: Invalid command byte: 0x3A. Prev command: 0x0
53:43:733 Core/HW/EXI_DeviceSlippi.cpp:3302 E[SLIPPI]: EXI SLIPPI: Invalid command byte: 0x3A. Prev command: 0x0
53:43:752 Core/HW/EXI_DeviceSlippi.cpp:3302 E[SLIPPI]: EXI SLIPPI: Invalid command byte: 0x3A. Prev command: 0x0
53:43:771 Core/HW/EXI_DeviceSlippi.cpp:3302 E[SLIPPI]: EXI SLIPPI: Invalid command byte: 0x3A. Prev command: 0x0
53:43:788 Core/HW/EXI_DeviceSlippi.cpp:3302 E[SLIPPI]: EXI SLIPPI: Invalid command byte: 0x3A. Prev command: 0x0
53:43:800 Core/HW/EXI_DeviceSlippi.cpp:3302 E[SLIPPI]: EXI SLIPPI: Invalid command byte: 0x3A. Prev command: 0x0
53:43:821 Core/HW/EXI_DeviceSlippi.cpp:3302 E[SLIPPI]: EXI SLIPPI: Invalid command byte: 0x3A. Prev command: 0x0
53:43:833 Core/HW/EXI_DeviceSlippi.cpp:3302 E[SLIPPI]: EXI SLIPPI: Invalid command byte: 0x3A. Prev command: 0x0
53:43:852 Core/HW/EXI_DeviceSlippi.cpp:3302 E[SLIPPI]: EXI SLIPPI: Invalid command byte: 0x3A. Prev command: 0x0
53:43:870 Core/HW/EXI_DeviceSlippi.cpp:3302 E[SLIPPI]: EXI SLIPPI: Invalid command byte: 0x3A. Prev command: 0x0
53:43:885 Core/HW/EXI_DeviceSlippi.cpp:3302 E[SLIPPI]: EXI SLIPPI: Invalid command byte: 0x3A. Prev command: 0x0
53:43:901 Core/HW/EXI_DeviceSlippi.cpp:3302 E[SLIPPI]: EXI SLIPPI: Invalid command byte: 0x3A. Prev command: 0x0
53:43:920 Core/HW/EXI_DeviceSlippi.cpp:3302 E[SLIPPI]: EXI SLIPPI: Invalid command byte: 0x3A. Prev command: 0x0
53:43:935 Core/HW/EXI_DeviceSlippi.cpp:3302 E[SLIPPI]: EXI SLIPPI: Invalid command byte: 0x3A. Prev command: 0x0
53:43:951 Core/HW/EXI_DeviceSlippi.cpp:3302 E[SLIPPI]: EXI SLIPPI: Invalid command byte: 0x3A. Prev command: 0x0
53:43:972 Core/HW/EXI_DeviceSlippi.cpp:3302 E[SLIPPI]: EXI SLIPPI: Invalid command byte: 0x3A. Prev command: 0x0
53:43:985 Core/HW/EXI_DeviceSlippi.cpp:3302 E[SLIPPI]: EXI SLIPPI: Invalid command byte: 0x3A. Prev command: 0x0
53:44:001 Core/HW/EXI_DeviceSlippi.cpp:3302 E[SLIPPI]: EXI SLIPPI: Invalid command byte: 0x3A. Prev command: 0x0
53:44:021 Core/HW/EXI_DeviceSlippi.cpp:3302 E[SLIPPI]: EXI SLIPPI: Invalid command byte: 0x3A. Prev command: 0x0
53:44:035 Core/HW/EXI_DeviceSlippi.cpp:3302 E[SLIPPI]: EXI SLIPPI: Invalid command byte: 0x3A. Prev command: 0x0
53:44:052 Core/HW/EXI_DeviceSlippi.cpp:3302 E[SLIPPI]: EXI SLIPPI: Invalid command byte: 0x3A. Prev command: 0x0
53:44:071 Core/HW/EXI_DeviceSlippi.cpp:3302 E[SLIPPI]: EXI SLIPPI: Invalid command byte: 0x3A. Prev command: 0x0
53:44:083 Core/HW/EXI_DeviceSlippi.cpp:3302 E[SLIPPI]: EXI SLIPPI: Invalid command byte: 0x3A. Prev command: 0x0
53:44:101 Core/HW/EXI_DeviceSlippi.cpp:3302 E[SLIPPI]: EXI SLIPPI: Invalid command byte: 0x3A. Prev command: 0x0
53:44:121 Core/HW/EXI_DeviceSlippi.cpp:3302 E[SLIPPI]: EXI SLIPPI: Invalid command byte: 0x3A. Prev command: 0x0
53:44:134 Core/HW/EXI_DeviceSlippi.cpp:3302 E[SLIPPI]: EXI SLIPPI: Invalid command byte: 0x3A. Prev command: 0x0
53:44:151 Core/HW/EXI_DeviceSlippi.cpp:3302 E[SLIPPI]: EXI SLIPPI: Invalid command byte: 0x3A. Prev command: 0x0
53:44:171 Core/HW/EXI_DeviceSlippi.cpp:3302 E[SLIPPI]: EXI SLIPPI: Invalid command byte: 0x3A. Prev command: 0x0
53:44:185 Core/HW/EXI_DeviceSlippi.cpp:3302 E[SLIPPI]: EXI SLIPPI: Invalid command byte: 0x3A. Prev command: 0x0
53:44:201 Core/HW/EXI_DeviceSlippi.cpp:3302 E[SLIPPI]: EXI SLIPPI: Invalid command byte: 0x3A. Prev command: 0x0
53:44:220 Core/HW/EXI_DeviceSlippi.cpp:3302 E[SLIPPI]: EXI SLIPPI: Invalid command byte: 0x3A. Prev command: 0x0
53:44:738 Core/HW/EXI_DeviceSlippi.cpp:3302 E[SLIPPI]: EXI SLIPPI: Invalid command byte: 0x3A. Prev command: 0x0
53:44:970 Core/HW/EXI_DeviceSlippi.cpp:3302 E[SLIPPI]: EXI SLIPPI: Invalid command byte: 0x3A. Prev command: 0x0
53:44:991 Core/HW/EXI_DeviceSlippi.cpp:3302 E[SLIPPI]: EXI SLIPPI: Invalid command byte: 0x3A. Prev command: 0x0
53:45:009 Core/HW/EXI_DeviceSlippi.cpp:3302 E[SLIPPI]: EXI SLIPPI: Invalid command byte: 0x3A. Prev command: 0x0
53:45:026 Core/HW/EXI_DeviceSlippi.cpp:3302 E[SLIPPI]: EXI SLIPPI: Invalid command byte: 0x3A. Prev command: 0x0
53:45:042 Core/HW/EXI_DeviceSlippi.cpp:3302 E[SLIPPI]: EXI SLIPPI: Invalid command byte: 0x3A. Prev command: 0x0
53:45:058 Core/HW/EXI_DeviceSlippi.cpp:3302 E[SLIPPI]: EXI SLIPPI: Invalid command byte: 0x3A. Prev command: 0x0
53:45:076 Core/HW/EXI_DeviceSlippi.cpp:3302 E[SLIPPI]: EXI SLIPPI: Invalid command byte: 0x3A. Prev command: 0x0
53:45:093 Core/HW/EXI_DeviceSlippi.cpp:3302 E[SLIPPI]: EXI SLIPPI: Invalid command byte: 0x3A. Prev command: 0x0
53:45:108 Core/HW/EXI_DeviceSlippi.cpp:3302 E[SLIPPI]: EXI SLIPPI: Invalid command byte: 0x3A. Prev command: 0x0
53:45:125 Core/HW/EXI_DeviceSlippi.cpp:3302 E[SLIPPI]: EXI SLIPPI: Invalid command byte: 0x3A. Prev command: 0x0
53:45:142 Core/HW/EXI_DeviceSlippi.cpp:3302 E[SLIPPI]: EXI SLIPPI: Invalid command byte: 0x3A. Prev command: 0x0
53:45:179 Core/HW/EXI_DeviceSlippi.cpp:3302 E[SLIPPI]: EXI SLIPPI: Invalid command byte: 0x3A. Prev command: 0x0
53:45:195 Core/HW/EXI_DeviceSlippi.cpp:3302 E[SLIPPI]: EXI SLIPPI: Invalid command byte: 0x3A. Prev command: 0x0
53:45:209 Core/HW/EXI_DeviceSlippi.cpp:3302 E[SLIPPI]: EXI SLIPPI: Invalid command byte: 0x3A. Prev command: 0x0
53:45:225 Core/HW/EXI_DeviceSlippi.cpp:3302 E[SLIPPI]: EXI SLIPPI: Invalid command byte: 0x3A. Prev command: 0x0
53:45:244 Core/HW/EXI_DeviceSlippi.cpp:3302 E[SLIPPI]: EXI SLIPPI: Invalid command byte: 0x3A. Prev command: 0x0
53:45:259 Core/HW/EXI_DeviceSlippi.cpp:3302 E[SLIPPI]: EXI SLIPPI: Invalid command byte: 0x3A. Prev command: 0x0
53:45:276 Core/HW/EXI_DeviceSlippi.cpp:3302 E[SLIPPI]: EXI SLIPPI: Invalid command byte: 0x3A. Prev command: 0x0
53:45:293 Core/HW/EXI_DeviceSlippi.cpp:3302 E[SLIPPI]: EXI SLIPPI: Invalid command byte: 0x3A. Prev command: 0x0
53:45:310 Core/HW/EXI_DeviceSlippi.cpp:3302 E[SLIPPI]: EXI SLIPPI: Invalid command byte: 0x3A. Prev command: 0x0
53:45:327 Core/HW/EXI_DeviceSlippi.cpp:3302 E[SLIPPI]: EXI SLIPPI: Invalid command byte: 0x3A. Prev command: 0x0
53:45:344 Core/HW/EXI_DeviceSlippi.cpp:3302 E[SLIPPI]: EXI SLIPPI: Invalid command byte: 0x3A. Prev command: 0x0
53:45:359 Core/HW/EXI_DeviceSlippi.cpp:3302 E[SLIPPI]: EXI SLIPPI: Invalid command byte: 0x3A. Prev command: 0x0
53:45:377 Core/HW/EXI_DeviceSlippi.cpp:3302 E[SLIPPI]: EXI SLIPPI: Invalid command byte: 0x3A. Prev command: 0x0
53:45:393 Core/HW/EXI_DeviceSlippi.cpp:3302 E[SLIPPI]: EXI SLIPPI: Invalid command byte: 0x3A. Prev command: 0x0
53:45:410 Core/HW/EXI_DeviceSlippi.cpp:3302 E[SLIPPI]: EXI SLIPPI: Invalid command byte: 0x3A. Prev command: 0x0
53:45:426 Core/HW/EXI_DeviceSlippi.cpp:3302 E[SLIPPI]: EXI SLIPPI: Invalid command byte: 0x3A. Prev command: 0x0
53:45:443 Core/HW/EXI_DeviceSlippi.cpp:3302 E[SLIPPI]: EXI SLIPPI: Invalid command byte: 0x3A. Prev command: 0x0
53:45:459 Core/HW/EXI_DeviceSlippi.cpp:3302 E[SLIPPI]: EXI SLIPPI: Invalid command byte: 0x3A. Prev command: 0x0
53:45:477 Core/HW/EXI_DeviceSlippi.cpp:3302 E[SLIPPI]: EXI SLIPPI: Invalid command byte: 0x3A. Prev command: 0x0
53:45:493 Core/HW/EXI_DeviceSlippi.cpp:3302 E[SLIPPI]: EXI SLIPPI: Invalid command byte: 0x3A. Prev command: 0x0
53:45:510 Core/HW/EXI_DeviceSlippi.cpp:3302 E[SLIPPI]: EXI SLIPPI: Invalid command byte: 0x3A. Prev command: 0x0
53:45:526 Core/HW/EXI_DeviceSlippi.cpp:3302 E[SLIPPI]: EXI SLIPPI: Invalid command byte: 0x3A. Prev command: 0x0
53:45:544 Core/HW/EXI_DeviceSlippi.cpp:3302 E[SLIPPI]: EXI SLIPPI: Invalid command byte: 0x3A. Prev command: 0x0
53:45:560 Core/HW/EXI_DeviceSlippi.cpp:3302 E[SLIPPI]: EXI SLIPPI: Invalid command byte: 0x3A. Prev command: 0x0
53:45:576 Core/HW/EXI_DeviceSlippi.cpp:3302 E[SLIPPI]: EXI SLIPPI: Invalid command byte: 0x3A. Prev command: 0x0
53:45:593 Core/HW/EXI_DeviceSlippi.cpp:3302 E[SLIPPI]: EXI SLIPPI: Invalid command byte: 0x3A. Prev command: 0x0
53:45:610 Core/HW/EXI_DeviceSlippi.cpp:3302 E[SLIPPI]: EXI SLIPPI: Invalid command byte: 0x3A. Prev command: 0x0
53:45:626 Core/HW/EXI_DeviceSlippi.cpp:3302 E[SLIPPI]: EXI SLIPPI: Invalid command byte: 0x3A. Prev command: 0x0
53:45:643 Core/HW/EXI_DeviceSlippi.cpp:3302 E[SLIPPI]: EXI SLIPPI: Invalid command byte: 0x3A. Prev command: 0x0
53:45:660 Core/HW/EXI_DeviceSlippi.cpp:3302 E[SLIPPI]: EXI SLIPPI: Invalid command byte: 0x3A. Prev command: 0x0
53:45:676 Core/HW/EXI_DeviceSlippi.cpp:3302 E[SLIPPI]: EXI SLIPPI: Invalid command byte: 0x3A. Prev command: 0x0
53:45:694 Core/HW/EXI_DeviceSlippi.cpp:3302 E[SLIPPI]: EXI SLIPPI: Invalid command byte: 0x3A. Prev command: 0x0
53:45:710 Core/HW/EXI_DeviceSlippi.cpp:3302 E[SLIPPI]: EXI SLIPPI: Invalid command byte: 0x3A. Prev command: 0x0
53:45:726 Core/HW/EXI_DeviceSlippi.cpp:3302 E[SLIPPI]: EXI SLIPPI: Invalid command byte: 0x3A. Prev command: 0x0
53:45:744 Core/HW/EXI_DeviceSlippi.cpp:3302 E[SLIPPI]: EXI SLIPPI: Invalid command byte: 0x3A. Prev command: 0x0
53:45:760 Core/HW/EXI_DeviceSlippi.cpp:3302 E[SLIPPI]: EXI SLIPPI: Invalid command byte: 0x3A. Prev command: 0x0
53:45:776 Core/HW/EXI_DeviceSlippi.cpp:3302 E[SLIPPI]: EXI SLIPPI: Invalid command byte: 0x3A. Prev command: 0x0
53:45:799 Core/HW/EXI_DeviceSlippi.cpp:3302 E[SLIPPI]: EXI SLIPPI: Invalid command byte: 0x3A. Prev command: 0x0
53:45:811 Core/HW/EXI_DeviceSlippi.cpp:3302 E[SLIPPI]: EXI SLIPPI: Invalid command byte: 0x3A. Prev command: 0x0
53:45:826 Core/HW/EXI_DeviceSlippi.cpp:3302 E[SLIPPI]: EXI SLIPPI: Invalid command byte: 0x3A. Prev command: 0x0
53:45:854 Core/HW/EXI_DeviceSlippi.cpp:3302 E[SLIPPI]: EXI SLIPPI: Invalid command byte: 0x3A. Prev command: 0x0
53:45:866 Core/HW/EXI_DeviceSlippi.cpp:3302 E[SLIPPI]: EXI SLIPPI: Invalid command byte: 0x3A. Prev command: 0x0
53:45:887 Core/HW/EXI_DeviceSlippi.cpp:3302 E[SLIPPI]: EXI SLIPPI: Invalid command byte: 0x3A. Prev command: 0x0
53:45:902 Core/HW/EXI_DeviceSlippi.cpp:3302 E[SLIPPI]: EXI SLIPPI: Invalid command byte: 0x3A. Prev command: 0x0
53:45:922 Core/HW/EXI_DeviceSlippi.cpp:3302 E[SLIPPI]: EXI SLIPPI: Invalid command byte: 0x3A. Prev command: 0x0
53:45:936 Core/HW/EXI_DeviceSlippi.cpp:3302 E[SLIPPI]: EXI SLIPPI: Invalid command byte: 0x3A. Prev command: 0x0
53:45:952 Core/HW/EXI_DeviceSlippi.cpp:3302 E[SLIPPI]: EXI SLIPPI: Invalid command byte: 0x3A. Prev command: 0x0
53:45:969 Core/HW/EXI_DeviceSlippi.cpp:3302 E[SLIPPI]: EXI SLIPPI: Invalid command byte: 0x3A. Prev command: 0x0
53:45:990 Core/HW/EXI_DeviceSlippi.cpp:3302 E[SLIPPI]: EXI SLIPPI: Invalid command byte: 0x3A. Prev command: 0x0
53:46:005 Core/HW/EXI_DeviceSlippi.cpp:3302 E[SLIPPI]: EXI SLIPPI: Invalid command byte: 0x3A. Prev command: 0x0
53:46:023 Core/HW/EXI_DeviceSlippi.cpp:3302 E[SLIPPI]: EXI SLIPPI: Invalid command byte: 0x3A. Prev command: 0x0
53:46:034 Core/HW/EXI_DeviceSlippi.cpp:3302 E[SLIPPI]: EXI SLIPPI: Invalid command byte: 0x3A. Prev command: 0x0
53:46:057 Core/HW/EXI_DeviceSlippi.cpp:3302 E[SLIPPI]: EXI SLIPPI: Invalid command byte: 0x3A. Prev command: 0x0
53:46:070 Core/HW/EXI_DeviceSlippi.cpp:3302 E[SLIPPI]: EXI SLIPPI: Invalid command byte: 0x3A. Prev command: 0x0
53:46:085 Core/HW/EXI_DeviceSlippi.cpp:3302 E[SLIPPI]: EXI SLIPPI: Invalid command byte: 0x3A. Prev command: 0x0
53:46:102 Core/HW/EXI_DeviceSlippi.cpp:3302 E[SLIPPI]: EXI SLIPPI: Invalid command byte: 0x3A. Prev command: 0x0
53:46:119 Core/HW/EXI_DeviceSlippi.cpp:3302 E[SLIPPI]: EXI SLIPPI: Invalid command byte: 0x3A. Prev command: 0x0
53:46:135 Core/HW/EXI_DeviceSlippi.cpp:3302 E[SLIPPI]: EXI SLIPPI: Invalid command byte: 0x3A. Prev command: 0x0
53:46:152 Core/HW/EXI_DeviceSlippi.cpp:3302 E[SLIPPI]: EXI SLIPPI: Invalid command byte: 0x3A. Prev command: 0x0
53:46:169 Core/HW/EXI_DeviceSlippi.cpp:3302 E[SLIPPI]: EXI SLIPPI: Invalid command byte: 0x3A. Prev command: 0x0
53:46:188 Core/HW/EXI_DeviceSlippi.cpp:3302 E[SLIPPI]: EXI SLIPPI: Invalid command byte: 0x3A. Prev command: 0x0
53:46:202 Core/HW/EXI_DeviceSlippi.cpp:3302 E[SLIPPI]: EXI SLIPPI: Invalid command byte: 0x3A. Prev command: 0x0
53:46:218 Core/HW/EXI_DeviceSlippi.cpp:3302 E[SLIPPI]: EXI SLIPPI: Invalid command byte: 0x3A. Prev command: 0x0
53:46:235 Core/HW/EXI_DeviceSlippi.cpp:3302 E[SLIPPI]: EXI SLIPPI: Invalid command byte: 0x3A. Prev command: 0x0
53:46:254 Core/HW/EXI_DeviceSlippi.cpp:3302 E[SLIPPI]: EXI SLIPPI: Invalid command byte: 0x3A. Prev command: 0x0
53:46:269 Core/HW/EXI_DeviceSlippi.cpp:3302 E[SLIPPI]: EXI SLIPPI: Invalid command byte: 0x3A. Prev command: 0x0
53:46:285 Core/HW/EXI_DeviceSlippi.cpp:3302 E[SLIPPI]: EXI SLIPPI: Invalid command byte: 0x3A. Prev command: 0x0
53:46:302 Core/HW/EXI_DeviceSlippi.cpp:3302 E[SLIPPI]: EXI SLIPPI: Invalid command byte: 0x3A. Prev command: 0x0
53:46:321 Core/HW/EXI_DeviceSlippi.cpp:3302 E[SLIPPI]: EXI SLIPPI: Invalid command byte: 0x3A. Prev command: 0x0
53:46:336 Core/HW/EXI_DeviceSlippi.cpp:3302 E[SLIPPI]: EXI SLIPPI: Invalid command byte: 0x3A. Prev command: 0x0
53:46:352 Core/HW/EXI_DeviceSlippi.cpp:3302 E[SLIPPI]: EXI SLIPPI: Invalid command byte: 0x3A. Prev command: 0x0
53:46:369 Core/HW/EXI_DeviceSlippi.cpp:3302 E[SLIPPI]: EXI SLIPPI: Invalid command byte: 0x3A. Prev command: 0x0
53:46:389 Core/HW/EXI_DeviceSlippi.cpp:3302 E[SLIPPI]: EXI SLIPPI: Invalid command byte: 0x3A. Prev command: 0x0
53:46:403 Core/HW/EXI_DeviceSlippi.cpp:3302 E[SLIPPI]: EXI SLIPPI: Invalid command byte: 0x3A. Prev command: 0x0
53:46:419 Core/HW/EXI_DeviceSlippi.cpp:3302 E[SLIPPI]: EXI SLIPPI: Invalid command byte: 0x3A. Prev command: 0x0
53:46:435 Core/HW/EXI_DeviceSlippi.cpp:3302 E[SLIPPI]: EXI SLIPPI: Invalid command byte: 0x3A. Prev command: 0x0
53:46:457 Core/HW/EXI_DeviceSlippi.cpp:3302 E[SLIPPI]: EXI SLIPPI: Invalid command byte: 0x3A. Prev command: 0x0
53:46:469 Core/HW/EXI_DeviceSlippi.cpp:3302 E[SLIPPI]: EXI SLIPPI: Invalid command byte: 0x3A. Prev command: 0x0
53:46:489 Core/HW/EXI_DeviceSlippi.cpp:3302 E[SLIPPI]: EXI SLIPPI: Invalid command byte: 0x3A. Prev command: 0x0
53:46:502 Core/HW/EXI_DeviceSlippi.cpp:3302 E[SLIPPI]: EXI SLIPPI: Invalid command byte: 0x3A. Prev command: 0x0
53:46:523 Core/HW/EXI_DeviceSlippi.cpp:3302 E[SLIPPI]: EXI SLIPPI: Invalid command byte: 0x3A. Prev command: 0x0
53:46:536 Core/HW/EXI_DeviceSlippi.cpp:3302 E[SLIPPI]: EXI SLIPPI: Invalid command byte: 0x3A. Prev command: 0x0
53:46:553 Core/HW/EXI_DeviceSlippi.cpp:3302 E[SLIPPI]: EXI SLIPPI: Invalid command byte: 0x3A. Prev command: 0x0
53:46:569 Core/HW/EXI_DeviceSlippi.cpp:3302 E[SLIPPI]: EXI SLIPPI: Invalid command byte: 0x3A. Prev command: 0x0
53:46:590 Core/HW/EXI_DeviceSlippi.cpp:3302 E[SLIPPI]: EXI SLIPPI: Invalid command byte: 0x3A. Prev command: 0x0
53:46:603 Core/HW/EXI_DeviceSlippi.cpp:3302 E[SLIPPI]: EXI SLIPPI: Invalid command byte: 0x3A. Prev command: 0x0
53:46:618 Core/HW/EXI_DeviceSlippi.cpp:3302 E[SLIPPI]: EXI SLIPPI: Invalid command byte: 0x3A. Prev command: 0x0
53:46:636 Core/HW/EXI_DeviceSlippi.cpp:3302 E[SLIPPI]: EXI SLIPPI: Invalid command byte: 0x3A. Prev command: 0x0
53:46:656 Core/HW/EXI_DeviceSlippi.cpp:3302 E[SLIPPI]: EXI SLIPPI: Invalid command byte: 0x3A. Prev command: 0x0
53:46:675 Core/HW/EXI_DeviceSlippi.cpp:3302 E[SLIPPI]: EXI SLIPPI: Invalid command byte: 0x3A. Prev command: 0x0
53:46:692 Core/HW/EXI_DeviceSlippi.cpp:3302 E[SLIPPI]: EXI SLIPPI: Invalid command byte: 0x3A. Prev command: 0x0
53:46:707 Core/HW/EXI_DeviceSlippi.cpp:3302 E[SLIPPI]: EXI SLIPPI: Invalid command byte: 0x3A. Prev command: 0x0
53:46:724 Core/HW/EXI_DeviceSlippi.cpp:3302 E[SLIPPI]: EXI SLIPPI: Invalid command byte: 0x3A. Prev command: 0x0
53:46:741 Core/HW/EXI_DeviceSlippi.cpp:3302 E[SLIPPI]: EXI SLIPPI: Invalid command byte: 0x3A. Prev command: 0x0
53:46:758 Core/HW/EXI_DeviceSlippi.cpp:3302 E[SLIPPI]: EXI SLIPPI: Invalid command byte: 0x3A. Prev command: 0x0
53:46:775 Core/HW/EXI_DeviceSlippi.cpp:3302 E[SLIPPI]: EXI SLIPPI: Invalid command byte: 0x3A. Prev command: 0x0
53:46:791 Core/HW/EXI_DeviceSlippi.cpp:3302 E[SLIPPI]: EXI SLIPPI: Invalid command byte: 0x3A. Prev command: 0x0
53:46:808 Core/HW/EXI_DeviceSlippi.cpp:3302 E[SLIPPI]: EXI SLIPPI: Invalid command byte: 0x3A. Prev command: 0x0
53:46:824 Core/HW/EXI_DeviceSlippi.cpp:3302 E[SLIPPI]: EXI SLIPPI: Invalid command byte: 0x3A. Prev command: 0x0
53:46:841 Core/HW/EXI_DeviceSlippi.cpp:3302 E[SLIPPI]: EXI SLIPPI: Invalid command byte: 0x3A. Prev command: 0x0
53:47:376 Core/HW/EXI_DeviceSlippi.cpp:3302 E[SLIPPI]: EXI SLIPPI: Invalid command byte: 0x3A. Prev command: 0x0
53:47:586 Core/HW/EXI_DeviceSlippi.cpp:3302 E[SLIPPI]: EXI SLIPPI: Invalid command byte: 0x3A. Prev command: 0x0
53:47:616 Core/HW/EXI_DeviceSlippi.cpp:3302 E[SLIPPI]: EXI SLIPPI: Invalid command byte: 0x3A. Prev command: 0x0
53:47:628 Core/HW/EXI_DeviceSlippi.cpp:3302 E[SLIPPI]: EXI SLIPPI: Invalid command byte: 0x3A. Prev command: 0x0
53:47:646 Core/HW/EXI_DeviceSlippi.cpp:3302 E[SLIPPI]: EXI SLIPPI: Invalid command byte: 0x3A. Prev command: 0x0
53:47:661 Core/HW/EXI_DeviceSlippi.cpp:3302 E[SLIPPI]: EXI SLIPPI: Invalid command byte: 0x3A. Prev command: 0x0
53:47:678 Core/HW/EXI_DeviceSlippi.cpp:3302 E[SLIPPI]: EXI SLIPPI: Invalid command byte: 0x3A. Prev command: 0x0
53:47:704 Core/HW/EXI_DeviceSlippi.cpp:3302 E[SLIPPI]: EXI SLIPPI: Invalid command byte: 0x3A. Prev command: 0x0
53:47:717 Core/HW/EXI_DeviceSlippi.cpp:3302 E[SLIPPI]: EXI SLIPPI: Invalid command byte: 0x3A. Prev command: 0x0
53:47:733 Core/HW/EXI_DeviceSlippi.cpp:3302 E[SLIPPI]: EXI SLIPPI: Invalid command byte: 0x3A. Prev command: 0x0
53:47:750 Core/HW/EXI_DeviceSlippi.cpp:3302 E[SLIPPI]: EXI SLIPPI: Invalid command byte: 0x3A. Prev command: 0x0
53:47:767 Core/HW/EXI_DeviceSlippi.cpp:3302 E[SLIPPI]: EXI SLIPPI: Invalid command byte: 0x3A. Prev command: 0x0
53:47:798 Core/HW/EXI_DeviceSlippi.cpp:3302 E[SLIPPI]: EXI SLIPPI: Invalid command byte: 0x3A. Prev command: 0x0
53:47:815 Core/HW/EXI_DeviceSlippi.cpp:3302 E[SLIPPI]: EXI SLIPPI: Invalid command byte: 0x3A. Prev command: 0x0
53:47:827 Core/HW/EXI_DeviceSlippi.cpp:3302 E[SLIPPI]: EXI SLIPPI: Invalid command byte: 0x3A. Prev command: 0x0
53:47:844 Core/HW/EXI_DeviceSlippi.cpp:3302 E[SLIPPI]: EXI SLIPPI: Invalid command byte: 0x3A. Prev command: 0x0
53:47:859 Core/HW/EXI_DeviceSlippi.cpp:3302 E[SLIPPI]: EXI SLIPPI: Invalid command byte: 0x3A. Prev command: 0x0
53:47:875 Core/HW/EXI_DeviceSlippi.cpp:3302 E[SLIPPI]: EXI SLIPPI: Invalid command byte: 0x3A. Prev command: 0x0
53:47:892 Core/HW/EXI_DeviceSlippi.cpp:3302 E[SLIPPI]: EXI SLIPPI: Invalid command byte: 0x3A. Prev command: 0x0
53:47:909 Core/HW/EXI_DeviceSlippi.cpp:3302 E[SLIPPI]: EXI SLIPPI: Invalid command byte: 0x3A. Prev command: 0x0
53:47:926 Core/HW/EXI_DeviceSlippi.cpp:3302 E[SLIPPI]: EXI SLIPPI: Invalid command byte: 0x3A. Prev command: 0x0
53:47:942 Core/HW/EXI_DeviceSlippi.cpp:3302 E[SLIPPI]: EXI SLIPPI: Invalid command byte: 0x3A. Prev command: 0x0
53:47:959 Core/HW/EXI_DeviceSlippi.cpp:3302 E[SLIPPI]: EXI SLIPPI: Invalid command byte: 0x3A. Prev command: 0x0
53:47:976 Core/HW/EXI_DeviceSlippi.cpp:3302 E[SLIPPI]: EXI SLIPPI: Invalid command byte: 0x3A. Prev command: 0x0
53:47:993 Core/HW/EXI_DeviceSlippi.cpp:3302 E[SLIPPI]: EXI SLIPPI: Invalid command byte: 0x3A. Prev command: 0x0
53:48:010 Core/HW/EXI_DeviceSlippi.cpp:3302 E[SLIPPI]: EXI SLIPPI: Invalid command byte: 0x3A. Prev command: 0x0
53:48:025 Core/HW/EXI_DeviceSlippi.cpp:3302 E[SLIPPI]: EXI SLIPPI: Invalid command byte: 0x3A. Prev command: 0x0
53:48:043 Core/HW/EXI_DeviceSlippi.cpp:3302 E[SLIPPI]: EXI SLIPPI: Invalid command byte: 0x3A. Prev command: 0x0
53:48:059 Core/HW/EXI_DeviceSlippi.cpp:3302 E[SLIPPI]: EXI SLIPPI: Invalid command byte: 0x3A. Prev command: 0x0
53:48:076 Core/HW/EXI_DeviceSlippi.cpp:3302 E[SLIPPI]: EXI SLIPPI: Invalid command byte: 0x3A. Prev command: 0x0
53:48:092 Core/HW/EXI_DeviceSlippi.cpp:3302 E[SLIPPI]: EXI SLIPPI: Invalid command byte: 0x3A. Prev command: 0x0
53:48:109 Core/HW/EXI_DeviceSlippi.cpp:3302 E[SLIPPI]: EXI SLIPPI: Invalid command byte: 0x3A. Prev command: 0x0
53:48:125 Core/HW/EXI_DeviceSlippi.cpp:3302 E[SLIPPI]: EXI SLIPPI: Invalid command byte: 0x3A. Prev command: 0x0
53:48:142 Core/HW/EXI_DeviceSlippi.cpp:3302 E[SLIPPI]: EXI SLIPPI: Invalid command byte: 0x3A. Prev command: 0x0
53:48:160 Core/HW/EXI_DeviceSlippi.cpp:3302 E[SLIPPI]: EXI SLIPPI: Invalid command byte: 0x3A. Prev command: 0x0
53:48:175 Core/HW/EXI_DeviceSlippi.cpp:3302 E[SLIPPI]: EXI SLIPPI: Invalid command byte: 0x3A. Prev command: 0x0
53:48:192 Core/HW/EXI_DeviceSlippi.cpp:3302 E[SLIPPI]: EXI SLIPPI: Invalid command byte: 0x3A. Prev command: 0x0
53:48:209 Core/HW/EXI_DeviceSlippi.cpp:3302 E[SLIPPI]: EXI SLIPPI: Invalid command byte: 0x3A. Prev command: 0x0
53:48:226 Core/HW/EXI_DeviceSlippi.cpp:3302 E[SLIPPI]: EXI SLIPPI: Invalid command byte: 0x3A. Prev command: 0x0
53:48:243 Core/HW/EXI_DeviceSlippi.cpp:3302 E[SLIPPI]: EXI SLIPPI: Invalid command byte: 0x3A. Prev command: 0x0
53:48:259 Core/HW/EXI_DeviceSlippi.cpp:3302 E[SLIPPI]: EXI SLIPPI: Invalid command byte: 0x3A. Prev command: 0x0
53:48:276 Core/HW/EXI_DeviceSlippi.cpp:3302 E[SLIPPI]: EXI SLIPPI: Invalid command byte: 0x3A. Prev command: 0x0
53:48:293 Core/HW/EXI_DeviceSlippi.cpp:3302 E[SLIPPI]: EXI SLIPPI: Invalid command byte: 0x3A. Prev command: 0x0
53:48:310 Core/HW/EXI_DeviceSlippi.cpp:3302 E[SLIPPI]: EXI SLIPPI: Invalid command byte: 0x3A. Prev command: 0x0
53:48:326 Core/HW/EXI_DeviceSlippi.cpp:3302 E[SLIPPI]: EXI SLIPPI: Invalid command byte: 0x3A. Prev command: 0x0
53:48:344 Core/HW/EXI_DeviceSlippi.cpp:3302 E[SLIPPI]: EXI SLIPPI: Invalid command byte: 0x3A. Prev command: 0x0
53:48:360 Core/HW/EXI_DeviceSlippi.cpp:3302 E[SLIPPI]: EXI SLIPPI: Invalid command byte: 0x3A. Prev command: 0x0
53:48:377 Core/HW/EXI_DeviceSlippi.cpp:3302 E[SLIPPI]: EXI SLIPPI: Invalid command byte: 0x3A. Prev command: 0x0
53:48:402 Core/HW/EXI_DeviceSlippi.cpp:3302 E[SLIPPI]: EXI SLIPPI: Invalid command byte: 0x3A. Prev command: 0x0
53:48:424 Core/HW/EXI_DeviceSlippi.cpp:3302 E[SLIPPI]: EXI SLIPPI: Invalid command byte: 0x3A. Prev command: 0x0
53:48:441 Core/HW/EXI_DeviceSlippi.cpp:3302 E[SLIPPI]: EXI SLIPPI: Invalid command byte: 0x3A. Prev command: 0x0
53:48:452 Core/HW/EXI_DeviceSlippi.cpp:3302 E[SLIPPI]: EXI SLIPPI: Invalid command byte: 0x3A. Prev command: 0x0
53:48:470 Core/HW/EXI_DeviceSlippi.cpp:3302 E[SLIPPI]: EXI SLIPPI: Invalid command byte: 0x3A. Prev command: 0x0
53:48:486 Core/HW/EXI_DeviceSlippi.cpp:3302 E[SLIPPI]: EXI SLIPPI: Invalid command byte: 0x3A. Prev command: 0x0
53:48:502 Core/HW/EXI_DeviceSlippi.cpp:3302 E[SLIPPI]: EXI SLIPPI: Invalid command byte: 0x3A. Prev command: 0x0
53:48:521 Core/HW/EXI_DeviceSlippi.cpp:3302 E[SLIPPI]: EXI SLIPPI: Invalid command byte: 0x3A. Prev command: 0x0
53:48:541 Core/HW/EXI_DeviceSlippi.cpp:3302 E[SLIPPI]: EXI SLIPPI: Invalid command byte: 0x3A. Prev command: 0x0
53:48:554 Core/HW/EXI_DeviceSlippi.cpp:3302 E[SLIPPI]: EXI SLIPPI: Invalid command byte: 0x3A. Prev command: 0x0
53:48:570 Core/HW/EXI_DeviceSlippi.cpp:3302 E[SLIPPI]: EXI SLIPPI: Invalid command byte: 0x3A. Prev command: 0x0
53:48:589 Core/HW/EXI_DeviceSlippi.cpp:3302 E[SLIPPI]: EXI SLIPPI: Invalid command byte: 0x3A. Prev command: 0x0
53:48:604 Core/HW/EXI_DeviceSlippi.cpp:3302 E[SLIPPI]: EXI SLIPPI: Invalid command byte: 0x3A. Prev command: 0x0
53:48:620 Core/HW/EXI_DeviceSlippi.cpp:3302 E[SLIPPI]: EXI SLIPPI: Invalid command byte: 0x3A. Prev command: 0x0
53:48:642 Core/HW/EXI_DeviceSlippi.cpp:3302 E[SLIPPI]: EXI SLIPPI: Invalid command byte: 0x3A. Prev command: 0x0
53:48:656 Core/HW/EXI_DeviceSlippi.cpp:3302 E[SLIPPI]: EXI SLIPPI: Invalid command byte: 0x3A. Prev command: 0x0
53:48:673 Core/HW/EXI_DeviceSlippi.cpp:3302 E[SLIPPI]: EXI SLIPPI: Invalid command byte: 0x3A. Prev command: 0x0
53:48:690 Core/HW/EXI_DeviceSlippi.cpp:3302 E[SLIPPI]: EXI SLIPPI: Invalid command byte: 0x3A. Prev command: 0x0
53:48:706 Core/HW/EXI_DeviceSlippi.cpp:3302 E[SLIPPI]: EXI SLIPPI: Invalid command byte: 0x3A. Prev command: 0x0
53:48:723 Core/HW/EXI_DeviceSlippi.cpp:3302 E[SLIPPI]: EXI SLIPPI: Invalid command byte: 0x3A. Prev command: 0x0
53:48:741 Core/HW/EXI_DeviceSlippi.cpp:3302 E[SLIPPI]: EXI SLIPPI: Invalid command byte: 0x3A. Prev command: 0x0
53:48:758 Core/HW/EXI_DeviceSlippi.cpp:3302 E[SLIPPI]: EXI SLIPPI: Invalid command byte: 0x3A. Prev command: 0x0
53:48:774 Core/HW/EXI_DeviceSlippi.cpp:3302 E[SLIPPI]: EXI SLIPPI: Invalid command byte: 0x3A. Prev command: 0x0
53:48:790 Core/HW/EXI_DeviceSlippi.cpp:3302 E[SLIPPI]: EXI SLIPPI: Invalid command byte: 0x3A. Prev command: 0x0
53:48:807 Core/HW/EXI_DeviceSlippi.cpp:3302 E[SLIPPI]: EXI SLIPPI: Invalid command byte: 0x3A. Prev command: 0x0
53:48:823 Core/HW/EXI_DeviceSlippi.cpp:3302 E[SLIPPI]: EXI SLIPPI: Invalid command byte: 0x3A. Prev command: 0x0
53:48:842 Core/HW/EXI_DeviceSlippi.cpp:3302 E[SLIPPI]: EXI SLIPPI: Invalid command byte: 0x3A. Prev command: 0x0
53:48:857 Core/HW/EXI_DeviceSlippi.cpp:3302 E[SLIPPI]: EXI SLIPPI: Invalid command byte: 0x3A. Prev command: 0x0
53:48:874 Core/HW/EXI_DeviceSlippi.cpp:3302 E[SLIPPI]: EXI SLIPPI: Invalid command byte: 0x3A. Prev command: 0x0
53:48:891 Core/HW/EXI_DeviceSlippi.cpp:3302 E[SLIPPI]: EXI SLIPPI: Invalid command byte: 0x3A. Prev command: 0x0
53:48:908 Core/HW/EXI_DeviceSlippi.cpp:3302 E[SLIPPI]: EXI SLIPPI: Invalid command byte: 0x3A. Prev command: 0x0
53:48:924 Core/HW/EXI_DeviceSlippi.cpp:3302 E[SLIPPI]: EXI SLIPPI: Invalid command byte: 0x3A. Prev command: 0x0
53:48:941 Core/HW/EXI_DeviceSlippi.cpp:3302 E[SLIPPI]: EXI SLIPPI: Invalid command byte: 0x3A. Prev command: 0x0
53:48:958 Core/HW/EXI_DeviceSlippi.cpp:3302 E[SLIPPI]: EXI SLIPPI: Invalid command byte: 0x3A. Prev command: 0x0
53:48:975 Core/HW/EXI_DeviceSlippi.cpp:3302 E[SLIPPI]: EXI SLIPPI: Invalid command byte: 0x3A. Prev command: 0x0
53:48:996 Core/HW/EXI_DeviceSlippi.cpp:3302 E[SLIPPI]: EXI SLIPPI: Invalid command byte: 0x3A. Prev command: 0x0
53:49:011 Core/HW/EXI_DeviceSlippi.cpp:3302 E[SLIPPI]: EXI SLIPPI: Invalid command byte: 0x3A. Prev command: 0x0
53:49:035 Core/HW/EXI_DeviceSlippi.cpp:3302 E[SLIPPI]: EXI SLIPPI: Invalid command byte: 0x3A. Prev command: 0x0
53:49:045 Core/HW/EXI_DeviceSlippi.cpp:3302 E[SLIPPI]: EXI SLIPPI: Invalid command byte: 0x3A. Prev command: 0x0
53:49:062 Core/HW/EXI_DeviceSlippi.cpp:3302 E[SLIPPI]: EXI SLIPPI: Invalid command byte: 0x3A. Prev command: 0x0
53:49:079 Core/HW/EXI_DeviceSlippi.cpp:3302 E[SLIPPI]: EXI SLIPPI: Invalid command byte: 0x3A. Prev command: 0x0
53:49:094 Core/HW/EXI_DeviceSlippi.cpp:3302 E[SLIPPI]: EXI SLIPPI: Invalid command byte: 0x3A. Prev command: 0x0
53:49:118 Core/HW/EXI_DeviceSlippi.cpp:3302 E[SLIPPI]: EXI SLIPPI: Invalid command byte: 0x3A. Prev command: 0x0
53:49:132 Core/HW/EXI_DeviceSlippi.cpp:3302 E[SLIPPI]: EXI SLIPPI: Invalid command byte: 0x3A. Prev command: 0x0
53:49:149 Core/HW/EXI_DeviceSlippi.cpp:3302 E[SLIPPI]: EXI SLIPPI: Invalid command byte: 0x3A. Prev command: 0x0
53:49:163 Core/HW/EXI_DeviceSlippi.cpp:3302 E[SLIPPI]: EXI SLIPPI: Invalid command byte: 0x3A. Prev command: 0x0
53:49:186 Core/HW/EXI_DeviceSlippi.cpp:3302 E[SLIPPI]: EXI SLIPPI: Invalid command byte: 0x3A. Prev command: 0x0
53:49:196 Core/HW/EXI_DeviceSlippi.cpp:3302 E[SLIPPI]: EXI SLIPPI: Invalid command byte: 0x3A. Prev command: 0x0
53:49:212 Core/HW/EXI_DeviceSlippi.cpp:3302 E[SLIPPI]: EXI SLIPPI: Invalid command byte: 0x3A. Prev command: 0x0
53:49:238 Core/HW/EXI_DeviceSlippi.cpp:3302 E[SLIPPI]: EXI SLIPPI: Invalid command byte: 0x3A. Prev command: 0x0
53:49:250 Core/HW/EXI_DeviceSlippi.cpp:3302 E[SLIPPI]: EXI SLIPPI: Invalid command byte: 0x3A. Prev command: 0x0
53:49:266 Core/HW/EXI_DeviceSlippi.cpp:3302 E[SLIPPI]: EXI SLIPPI: Invalid command byte: 0x3A. Prev command: 0x0
53:49:283 Core/HW/EXI_DeviceSlippi.cpp:3302 E[SLIPPI]: EXI SLIPPI: Invalid command byte: 0x3A. Prev command: 0x0
53:49:302 Core/HW/EXI_DeviceSlippi.cpp:3302 E[SLIPPI]: EXI SLIPPI: Invalid command byte: 0x3A. Prev command: 0x0
53:49:316 Core/HW/EXI_DeviceSlippi.cpp:3302 E[SLIPPI]: EXI SLIPPI: Invalid command byte: 0x3A. Prev command: 0x0
53:49:333 Core/HW/EXI_DeviceSlippi.cpp:3302 E[SLIPPI]: EXI SLIPPI: Invalid command byte: 0x3A. Prev command: 0x0
53:49:349 Core/HW/EXI_DeviceSlippi.cpp:3302 E[SLIPPI]: EXI SLIPPI: Invalid command byte: 0x3A. Prev command: 0x0
53:49:371 Core/HW/EXI_DeviceSlippi.cpp:3302 E[SLIPPI]: EXI SLIPPI: Invalid command byte: 0x3A. Prev command: 0x0
53:49:383 Core/HW/EXI_DeviceSlippi.cpp:3302 E[SLIPPI]: EXI SLIPPI: Invalid command byte: 0x3A. Prev command: 0x0
53:49:401 Core/HW/EXI_DeviceSlippi.cpp:3302 E[SLIPPI]: EXI SLIPPI: Invalid command byte: 0x3A. Prev command: 0x0
53:49:417 Core/HW/EXI_DeviceSlippi.cpp:3302 E[SLIPPI]: EXI SLIPPI: Invalid command byte: 0x3A. Prev command: 0x0
53:49:436 Core/HW/EXI_DeviceSlippi.cpp:3302 E[SLIPPI]: EXI SLIPPI: Invalid command byte: 0x3A. Prev command: 0x0
53:49:449 Core/HW/EXI_DeviceSlippi.cpp:3302 E[SLIPPI]: EXI SLIPPI: Invalid command byte: 0x3A. Prev command: 0x0
53:49:471 Core/HW/EXI_DeviceSlippi.cpp:3302 E[SLIPPI]: EXI SLIPPI: Invalid command byte: 0x3A. Prev command: 0x0
53:49:485 Core/HW/EXI_DeviceSlippi.cpp:3302 E[SLIPPI]: EXI SLIPPI: Invalid command byte: 0x3A. Prev command: 0x0
53:49:500 Core/HW/EXI_DeviceSlippi.cpp:3302 E[SLIPPI]: EXI SLIPPI: Invalid command byte: 0x3A. Prev command: 0x0
53:49:523 Core/HW/EXI_DeviceSlippi.cpp:3302 E[SLIPPI]: EXI SLIPPI: Invalid command byte: 0x3A. Prev command: 0x0
53:49:535 Core/HW/EXI_DeviceSlippi.cpp:3302 E[SLIPPI]: EXI SLIPPI: Invalid command byte: 0x3A. Prev command: 0x0
53:49:550 Core/HW/EXI_DeviceSlippi.cpp:3302 E[SLIPPI]: EXI SLIPPI: Invalid command byte: 0x3A. Prev command: 0x0
53:49:569 Core/HW/EXI_DeviceSlippi.cpp:3302 E[SLIPPI]: EXI SLIPPI: Invalid command byte: 0x3A. Prev command: 0x0
53:49:584 Core/HW/EXI_DeviceSlippi.cpp:3302 E[SLIPPI]: EXI SLIPPI: Invalid command byte: 0x3A. Prev command: 0x0
53:49:600 Core/HW/EXI_DeviceSlippi.cpp:3302 E[SLIPPI]: EXI SLIPPI: Invalid command byte: 0x3A. Prev command: 0x0
53:49:617 Core/HW/EXI_DeviceSlippi.cpp:3302 E[SLIPPI]: EXI SLIPPI: Invalid command byte: 0x3A. Prev command: 0x0
53:49:639 Core/HW/EXI_DeviceSlippi.cpp:3302 E[SLIPPI]: EXI SLIPPI: Invalid command byte: 0x3A. Prev command: 0x0
53:49:650 Core/HW/EXI_DeviceSlippi.cpp:3302 E[SLIPPI]: EXI SLIPPI: Invalid command byte: 0x3A. Prev command: 0x0
53:49:668 Core/HW/EXI_DeviceSlippi.cpp:3302 E[SLIPPI]: EXI SLIPPI: Invalid command byte: 0x3A. Prev command: 0x0
53:49:686 Core/HW/EXI_DeviceSlippi.cpp:3302 E[SLIPPI]: EXI SLIPPI: Invalid command byte: 0x3A. Prev command: 0x0
53:49:704 Core/HW/EXI_DeviceSlippi.cpp:3302 E[SLIPPI]: EXI SLIPPI: Invalid command byte: 0x3A. Prev command: 0x0
53:49:720 Core/HW/EXI_DeviceSlippi.cpp:3302 E[SLIPPI]: EXI SLIPPI: Invalid command byte: 0x3A. Prev command: 0x0
53:49:738 Core/HW/EXI_DeviceSlippi.cpp:3302 E[SLIPPI]: EXI SLIPPI: Invalid command byte: 0x3A. Prev command: 0x0
53:49:751 Core/HW/EXI_DeviceSlippi.cpp:3302 E[SLIPPI]: EXI SLIPPI: Invalid command byte: 0x3A. Prev command: 0x0
53:49:772 Core/HW/EXI_DeviceSlippi.cpp:3302 E[SLIPPI]: EXI SLIPPI: Invalid command byte: 0x3A. Prev command: 0x0
53:49:783 Core/HW/EXI_DeviceSlippi.cpp:3302 E[SLIPPI]: EXI SLIPPI: Invalid command byte: 0x3A. Prev command: 0x0
53:49:802 Core/HW/EXI_DeviceSlippi.cpp:3302 E[SLIPPI]: EXI SLIPPI: Invalid command byte: 0x3A. Prev command: 0x0
53:49:819 Core/HW/EXI_DeviceSlippi.cpp:3302 E[SLIPPI]: EXI SLIPPI: Invalid command byte: 0x3A. Prev command: 0x0
53:49:835 Core/HW/EXI_DeviceSlippi.cpp:3302 E[SLIPPI]: EXI SLIPPI: Invalid command byte: 0x3A. Prev command: 0x0
53:49:851 Core/HW/EXI_DeviceSlippi.cpp:3302 E[SLIPPI]: EXI SLIPPI: Invalid command byte: 0x3A. Prev command: 0x0
53:49:871 Core/HW/EXI_DeviceSlippi.cpp:3302 E[SLIPPI]: EXI SLIPPI: Invalid command byte: 0x3A. Prev command: 0x0
53:49:885 Core/HW/EXI_DeviceSlippi.cpp:3302 E[SLIPPI]: EXI SLIPPI: Invalid command byte: 0x3A. Prev command: 0x0
53:49:905 Core/HW/EXI_DeviceSlippi.cpp:3302 E[SLIPPI]: EXI SLIPPI: Invalid command byte: 0x3A. Prev command: 0x0
53:49:918 Core/HW/EXI_DeviceSlippi.cpp:3302 E[SLIPPI]: EXI SLIPPI: Invalid command byte: 0x3A. Prev command: 0x0
53:49:934 Core/HW/EXI_DeviceSlippi.cpp:3302 E[SLIPPI]: EXI SLIPPI: Invalid command byte: 0x3A. Prev command: 0x0
53:49:954 Core/HW/EXI_DeviceSlippi.cpp:3302 E[SLIPPI]: EXI SLIPPI: Invalid command byte: 0x3A. Prev command: 0x0
53:50:336 Core/HW/EXI_DeviceSlippi.cpp:3302 E[SLIPPI]: EXI SLIPPI: Invalid command byte: 0x3A. Prev command: 0x0
53:50:547 Core/HW/EXI_DeviceSlippi.cpp:3302 E[SLIPPI]: EXI SLIPPI: Invalid command byte: 0x3A. Prev command: 0x0
53:50:575 Core/HW/EXI_DeviceSlippi.cpp:3302 E[SLIPPI]: EXI SLIPPI: Invalid command byte: 0x3A. Prev command: 0x0
53:50:591 Core/HW/EXI_DeviceSlippi.cpp:3302 E[SLIPPI]: EXI SLIPPI: Invalid command byte: 0x3A. Prev command: 0x0
53:50:608 Core/HW/EXI_DeviceSlippi.cpp:3302 E[SLIPPI]: EXI SLIPPI: Invalid command byte: 0x3A. Prev command: 0x0
53:50:624 Core/HW/EXI_DeviceSlippi.cpp:3302 E[SLIPPI]: EXI SLIPPI: Invalid command byte: 0x3A. Prev command: 0x0
53:50:642 Core/HW/EXI_DeviceSlippi.cpp:3302 E[SLIPPI]: EXI SLIPPI: Invalid command byte: 0x3A. Prev command: 0x0
53:50:658 Core/HW/EXI_DeviceSlippi.cpp:3302 E[SLIPPI]: EXI SLIPPI: Invalid command byte: 0x3A. Prev command: 0x0
53:50:676 Core/HW/EXI_DeviceSlippi.cpp:3302 E[SLIPPI]: EXI SLIPPI: Invalid command byte: 0x3A. Prev command: 0x0
53:50:691 Core/HW/EXI_DeviceSlippi.cpp:3302 E[SLIPPI]: EXI SLIPPI: Invalid command byte: 0x3A. Prev command: 0x0
53:50:708 Core/HW/EXI_DeviceSlippi.cpp:3302 E[SLIPPI]: EXI SLIPPI: Invalid command byte: 0x3A. Prev command: 0x0
53:50:724 Core/HW/EXI_DeviceSlippi.cpp:3302 E[SLIPPI]: EXI SLIPPI: Invalid command byte: 0x3A. Prev command: 0x0
53:50:762 Core/HW/EXI_DeviceSlippi.cpp:3302 E[SLIPPI]: EXI SLIPPI: Invalid command byte: 0x3A. Prev command: 0x0
53:50:787 Core/HW/EXI_DeviceSlippi.cpp:3302 E[SLIPPI]: EXI SLIPPI: Invalid command byte: 0x3A. Prev command: 0x0
53:50:801 Core/HW/EXI_DeviceSlippi.cpp:3302 E[SLIPPI]: EXI SLIPPI: Invalid command byte: 0x3A. Prev command: 0x0
53:50:822 Core/HW/EXI_DeviceSlippi.cpp:3302 E[SLIPPI]: EXI SLIPPI: Invalid command byte: 0x3A. Prev command: 0x0
53:50:836 Core/HW/EXI_DeviceSlippi.cpp:3302 E[SLIPPI]: EXI SLIPPI: Invalid command byte: 0x3A. Prev command: 0x0
53:50:851 Core/HW/EXI_DeviceSlippi.cpp:3302 E[SLIPPI]: EXI SLIPPI: Invalid command byte: 0x3A. Prev command: 0x0
53:50:872 Core/HW/EXI_DeviceSlippi.cpp:3302 E[SLIPPI]: EXI SLIPPI: Invalid command byte: 0x3A. Prev command: 0x0
53:50:885 Core/HW/EXI_DeviceSlippi.cpp:3302 E[SLIPPI]: EXI SLIPPI: Invalid command byte: 0x3A. Prev command: 0x0
53:50:903 Core/HW/EXI_DeviceSlippi.cpp:3302 E[SLIPPI]: EXI SLIPPI: Invalid command byte: 0x3A. Prev command: 0x0
53:50:922 Core/HW/EXI_DeviceSlippi.cpp:3302 E[SLIPPI]: EXI SLIPPI: Invalid command byte: 0x3A. Prev command: 0x0
53:50:935 Core/HW/EXI_DeviceSlippi.cpp:3302 E[SLIPPI]: EXI SLIPPI: Invalid command byte: 0x3A. Prev command: 0x0
53:50:952 Core/HW/EXI_DeviceSlippi.cpp:3302 E[SLIPPI]: EXI SLIPPI: Invalid command byte: 0x3A. Prev command: 0x0
53:50:973 Core/HW/EXI_DeviceSlippi.cpp:3302 E[SLIPPI]: EXI SLIPPI: Invalid command byte: 0x3A. Prev command: 0x0
53:50:985 Core/HW/EXI_DeviceSlippi.cpp:3302 E[SLIPPI]: EXI SLIPPI: Invalid command byte: 0x3A. Prev command: 0x0
53:51:002 Core/HW/EXI_DeviceSlippi.cpp:3302 E[SLIPPI]: EXI SLIPPI: Invalid command byte: 0x3A. Prev command: 0x0
53:51:023 Core/HW/EXI_DeviceSlippi.cpp:3302 E[SLIPPI]: EXI SLIPPI: Invalid command byte: 0x3A. Prev command: 0x0
53:51:036 Core/HW/EXI_DeviceSlippi.cpp:3302 E[SLIPPI]: EXI SLIPPI: Invalid command byte: 0x3A. Prev command: 0x0
53:51:052 Core/HW/EXI_DeviceSlippi.cpp:3302 E[SLIPPI]: EXI SLIPPI: Invalid command byte: 0x3A. Prev command: 0x0
53:51:074 Core/HW/EXI_DeviceSlippi.cpp:3302 E[SLIPPI]: EXI SLIPPI: Invalid command byte: 0x3A. Prev command: 0x0
53:51:087 Core/HW/EXI_DeviceSlippi.cpp:3302 E[SLIPPI]: EXI SLIPPI: Invalid command byte: 0x3A. Prev command: 0x0
53:51:104 Core/HW/EXI_DeviceSlippi.cpp:3302 E[SLIPPI]: EXI SLIPPI: Invalid command byte: 0x3A. Prev command: 0x0
53:51:123 Core/HW/EXI_DeviceSlippi.cpp:3302 E[SLIPPI]: EXI SLIPPI: Invalid command byte: 0x3A. Prev command: 0x0
53:51:137 Core/HW/EXI_DeviceSlippi.cpp:3302 E[SLIPPI]: EXI SLIPPI: Invalid command byte: 0x3A. Prev command: 0x0
53:51:152 Core/HW/EXI_DeviceSlippi.cpp:3302 E[SLIPPI]: EXI SLIPPI: Invalid command byte: 0x3A. Prev command: 0x0
53:51:176 Core/HW/EXI_DeviceSlippi.cpp:3302 E[SLIPPI]: EXI SLIPPI: Invalid command byte: 0x3A. Prev command: 0x0
53:51:188 Core/HW/EXI_DeviceSlippi.cpp:3302 E[SLIPPI]: EXI SLIPPI: Invalid command byte: 0x3A. Prev command: 0x0
53:51:205 Core/HW/EXI_DeviceSlippi.cpp:3302 E[SLIPPI]: EXI SLIPPI: Invalid command byte: 0x3A. Prev command: 0x0
53:51:224 Core/HW/EXI_DeviceSlippi.cpp:3302 E[SLIPPI]: EXI SLIPPI: Invalid command byte: 0x3A. Prev command: 0x0
53:51:239 Core/HW/EXI_DeviceSlippi.cpp:3302 E[SLIPPI]: EXI SLIPPI: Invalid command byte: 0x3A. Prev command: 0x0
53:51:256 Core/HW/EXI_DeviceSlippi.cpp:3302 E[SLIPPI]: EXI SLIPPI: Invalid command byte: 0x3A. Prev command: 0x0
53:51:272 Core/HW/EXI_DeviceSlippi.cpp:3302 E[SLIPPI]: EXI SLIPPI: Invalid command byte: 0x3A. Prev command: 0x0
53:51:289 Core/HW/EXI_DeviceSlippi.cpp:3302 E[SLIPPI]: EXI SLIPPI: Invalid command byte: 0x3A. Prev command: 0x0
53:51:305 Core/HW/EXI_DeviceSlippi.cpp:3302 E[SLIPPI]: EXI SLIPPI: Invalid command byte: 0x3A. Prev command: 0x0
53:51:323 Core/HW/EXI_DeviceSlippi.cpp:3302 E[SLIPPI]: EXI SLIPPI: Invalid command byte: 0x3A. Prev command: 0x0
53:51:340 Core/HW/EXI_DeviceSlippi.cpp:3302 E[SLIPPI]: EXI SLIPPI: Invalid command byte: 0x3A. Prev command: 0x0
53:51:356 Core/HW/EXI_DeviceSlippi.cpp:3302 E[SLIPPI]: EXI SLIPPI: Invalid command byte: 0x3A. Prev command: 0x0
53:51:373 Core/HW/EXI_DeviceSlippi.cpp:3302 E[SLIPPI]: EXI SLIPPI: Invalid command byte: 0x3A. Prev command: 0x0
53:51:395 Core/HW/EXI_DeviceSlippi.cpp:3302 E[SLIPPI]: EXI SLIPPI: Invalid command byte: 0x3A. Prev command: 0x0
53:51:406 Core/HW/EXI_DeviceSlippi.cpp:3302 E[SLIPPI]: EXI SLIPPI: Invalid command byte: 0x3A. Prev command: 0x0
53:51:423 Core/HW/EXI_DeviceSlippi.cpp:3302 E[SLIPPI]: EXI SLIPPI: Invalid command byte: 0x3A. Prev command: 0x0
53:51:441 Core/HW/EXI_DeviceSlippi.cpp:3302 E[SLIPPI]: EXI SLIPPI: Invalid command byte: 0x3A. Prev command: 0x0
53:51:457 Core/HW/EXI_DeviceSlippi.cpp:3302 E[SLIPPI]: EXI SLIPPI: Invalid command byte: 0x3A. Prev command: 0x0
53:51:473 Core/HW/EXI_DeviceSlippi.cpp:3302 E[SLIPPI]: EXI SLIPPI: Invalid command byte: 0x3A. Prev command: 0x0
53:51:490 Core/HW/EXI_DeviceSlippi.cpp:3302 E[SLIPPI]: EXI SLIPPI: Invalid command byte: 0x3A. Prev command: 0x0
53:51:506 Core/HW/EXI_DeviceSlippi.cpp:3302 E[SLIPPI]: EXI SLIPPI: Invalid command byte: 0x3A. Prev command: 0x0
53:51:523 Core/HW/EXI_DeviceSlippi.cpp:3302 E[SLIPPI]: EXI SLIPPI: Invalid command byte: 0x3A. Prev command: 0x0
53:51:539 Core/HW/EXI_DeviceSlippi.cpp:3302 E[SLIPPI]: EXI SLIPPI: Invalid command byte: 0x3A. Prev command: 0x0
53:51:556 Core/HW/EXI_DeviceSlippi.cpp:3302 E[SLIPPI]: EXI SLIPPI: Invalid command byte: 0x3A. Prev command: 0x0
53:51:576 Core/HW/EXI_DeviceSlippi.cpp:3302 E[SLIPPI]: EXI SLIPPI: Invalid command byte: 0x3A. Prev command: 0x0
53:51:592 Core/HW/EXI_DeviceSlippi.cpp:3302 E[SLIPPI]: EXI SLIPPI: Invalid command byte: 0x3A. Prev command: 0x0
53:51:608 Core/HW/EXI_DeviceSlippi.cpp:3302 E[SLIPPI]: EXI SLIPPI: Invalid command byte: 0x3A. Prev command: 0x0
53:51:626 Core/HW/EXI_DeviceSlippi.cpp:3302 E[SLIPPI]: EXI SLIPPI: Invalid command byte: 0x3A. Prev command: 0x0
53:51:644 Core/HW/EXI_DeviceSlippi.cpp:3302 E[SLIPPI]: EXI SLIPPI: Invalid command byte: 0x3A. Prev command: 0x0
53:51:658 Core/HW/EXI_DeviceSlippi.cpp:3302 E[SLIPPI]: EXI SLIPPI: Invalid command byte: 0x3A. Prev command: 0x0
53:51:675 Core/HW/EXI_DeviceSlippi.cpp:3302 E[SLIPPI]: EXI SLIPPI: Invalid command byte: 0x3A. Prev command: 0x0
53:51:692 Core/HW/EXI_DeviceSlippi.cpp:3302 E[SLIPPI]: EXI SLIPPI: Invalid command byte: 0x3A. Prev command: 0x0
53:51:713 Core/HW/EXI_DeviceSlippi.cpp:3302 E[SLIPPI]: EXI SLIPPI: Invalid command byte: 0x3A. Prev command: 0x0
53:51:727 Core/HW/EXI_DeviceSlippi.cpp:3302 E[SLIPPI]: EXI SLIPPI: Invalid command byte: 0x3A. Prev command: 0x0
53:51:744 Core/HW/EXI_DeviceSlippi.cpp:3302 E[SLIPPI]: EXI SLIPPI: Invalid command byte: 0x3A. Prev command: 0x0
53:51:760 Core/HW/EXI_DeviceSlippi.cpp:3302 E[SLIPPI]: EXI SLIPPI: Invalid command byte: 0x3A. Prev command: 0x0
53:51:777 Core/HW/EXI_DeviceSlippi.cpp:3302 E[SLIPPI]: EXI SLIPPI: Invalid command byte: 0x3A. Prev command: 0x0
53:51:794 Core/HW/EXI_DeviceSlippi.cpp:3302 E[SLIPPI]: EXI SLIPPI: Invalid command byte: 0x3A. Prev command: 0x0
53:51:811 Core/HW/EXI_DeviceSlippi.cpp:3302 E[SLIPPI]: EXI SLIPPI: Invalid command byte: 0x3A. Prev command: 0x0
53:51:828 Core/HW/EXI_DeviceSlippi.cpp:3302 E[SLIPPI]: EXI SLIPPI: Invalid command byte: 0x3A. Prev command: 0x0
53:51:844 Core/HW/EXI_DeviceSlippi.cpp:3302 E[SLIPPI]: EXI SLIPPI: Invalid command byte: 0x3A. Prev command: 0x0
53:51:862 Core/HW/EXI_DeviceSlippi.cpp:3302 E[SLIPPI]: EXI SLIPPI: Invalid command byte: 0x3A. Prev command: 0x0
53:51:877 Core/HW/EXI_DeviceSlippi.cpp:3302 E[SLIPPI]: EXI SLIPPI: Invalid command byte: 0x3A. Prev command: 0x0
53:51:894 Core/HW/EXI_DeviceSlippi.cpp:3302 E[SLIPPI]: EXI SLIPPI: Invalid command byte: 0x3A. Prev command: 0x0
53:51:911 Core/HW/EXI_DeviceSlippi.cpp:3302 E[SLIPPI]: EXI SLIPPI: Invalid command byte: 0x3A. Prev command: 0x0
53:51:930 Core/HW/EXI_DeviceSlippi.cpp:3302 E[SLIPPI]: EXI SLIPPI: Invalid command byte: 0x3A. Prev command: 0x0
53:51:945 Core/HW/EXI_DeviceSlippi.cpp:3302 E[SLIPPI]: EXI SLIPPI: Invalid command byte: 0x3A. Prev command: 0x0
53:51:961 Core/HW/EXI_DeviceSlippi.cpp:3302 E[SLIPPI]: EXI SLIPPI: Invalid command byte: 0x3A. Prev command: 0x0
53:51:983 Core/HW/EXI_DeviceSlippi.cpp:3302 E[SLIPPI]: EXI SLIPPI: Invalid command byte: 0x3A. Prev command: 0x0
53:51:995 Core/HW/EXI_DeviceSlippi.cpp:3302 E[SLIPPI]: EXI SLIPPI: Invalid command byte: 0x3A. Prev command: 0x0
53:52:011 Core/HW/EXI_DeviceSlippi.cpp:3302 E[SLIPPI]: EXI SLIPPI: Invalid command byte: 0x3A. Prev command: 0x0
53:52:029 Core/HW/EXI_DeviceSlippi.cpp:3302 E[SLIPPI]: EXI SLIPPI: Invalid command byte: 0x3A. Prev command: 0x0
53:52:046 Core/HW/EXI_DeviceSlippi.cpp:3302 E[SLIPPI]: EXI SLIPPI: Invalid command byte: 0x3A. Prev command: 0x0
53:52:062 Core/HW/EXI_DeviceSlippi.cpp:3302 E[SLIPPI]: EXI SLIPPI: Invalid command byte: 0x3A. Prev command: 0x0
53:52:081 Core/HW/EXI_DeviceSlippi.cpp:3302 E[SLIPPI]: EXI SLIPPI: Invalid command byte: 0x3A. Prev command: 0x0
53:52:095 Core/HW/EXI_DeviceSlippi.cpp:3302 E[SLIPPI]: EXI SLIPPI: Invalid command byte: 0x3A. Prev command: 0x0
53:52:122 Core/HW/EXI_DeviceSlippi.cpp:3302 E[SLIPPI]: EXI SLIPPI: Invalid command byte: 0x3A. Prev command: 0x0
53:52:133 Core/HW/EXI_DeviceSlippi.cpp:3302 E[SLIPPI]: EXI SLIPPI: Invalid command byte: 0x3A. Prev command: 0x0
53:52:147 Core/HW/EXI_DeviceSlippi.cpp:3302 E[SLIPPI]: EXI SLIPPI: Invalid command byte: 0x3A. Prev command: 0x0
53:52:164 Core/HW/EXI_DeviceSlippi.cpp:3302 E[SLIPPI]: EXI SLIPPI: Invalid command byte: 0x3A. Prev command: 0x0
53:52:188 Core/HW/EXI_DeviceSlippi.cpp:3302 E[SLIPPI]: EXI SLIPPI: Invalid command byte: 0x3A. Prev command: 0x0
53:52:203 Core/HW/EXI_DeviceSlippi.cpp:3302 E[SLIPPI]: EXI SLIPPI: Invalid command byte: 0x3A. Prev command: 0x0
53:52:219 Core/HW/EXI_DeviceSlippi.cpp:3302 E[SLIPPI]: EXI SLIPPI: Invalid command byte: 0x3A. Prev command: 0x0
53:52:236 Core/HW/EXI_DeviceSlippi.cpp:3302 E[SLIPPI]: EXI SLIPPI: Invalid command byte: 0x3A. Prev command: 0x0
53:52:263 Core/HW/EXI_DeviceSlippi.cpp:3302 E[SLIPPI]: EXI SLIPPI: Invalid command byte: 0x3A. Prev command: 0x0
53:52:275 Core/HW/EXI_DeviceSlippi.cpp:3302 E[SLIPPI]: EXI SLIPPI: Invalid command byte: 0x3A. Prev command: 0x0
53:52:293 Core/HW/EXI_DeviceSlippi.cpp:3302 E[SLIPPI]: EXI SLIPPI: Invalid command byte: 0x3A. Prev command: 0x0
53:52:308 Core/HW/EXI_DeviceSlippi.cpp:3302 E[SLIPPI]: EXI SLIPPI: Invalid command byte: 0x3A. Prev command: 0x0
53:52:325 Core/HW/EXI_DeviceSlippi.cpp:3302 E[SLIPPI]: EXI SLIPPI: Invalid command byte: 0x3A. Prev command: 0x0
53:52:341 Core/HW/EXI_DeviceSlippi.cpp:3302 E[SLIPPI]: EXI SLIPPI: Invalid command byte: 0x3A. Prev command: 0x0
53:52:359 Core/HW/EXI_DeviceSlippi.cpp:3302 E[SLIPPI]: EXI SLIPPI: Invalid command byte: 0x3A. Prev command: 0x0
53:52:375 Core/HW/EXI_DeviceSlippi.cpp:3302 E[SLIPPI]: EXI SLIPPI: Invalid command byte: 0x3A. Prev command: 0x0
53:52:392 Core/HW/EXI_DeviceSlippi.cpp:3302 E[SLIPPI]: EXI SLIPPI: Invalid command byte: 0x3A. Prev command: 0x0
53:52:408 Core/HW/EXI_DeviceSlippi.cpp:3302 E[SLIPPI]: EXI SLIPPI: Invalid command byte: 0x3A. Prev command: 0x0
53:52:425 Core/HW/EXI_DeviceSlippi.cpp:3302 E[SLIPPI]: EXI SLIPPI: Invalid command byte: 0x3A. Prev command: 0x0
53:52:442 Core/HW/EXI_DeviceSlippi.cpp:3302 E[SLIPPI]: EXI SLIPPI: Invalid command byte: 0x3A. Prev command: 0x0
53:52:461 Core/HW/EXI_DeviceSlippi.cpp:3302 E[SLIPPI]: EXI SLIPPI: Invalid command byte: 0x3A. Prev command: 0x0
53:52:476 Core/HW/EXI_DeviceSlippi.cpp:3302 E[SLIPPI]: EXI SLIPPI: Invalid command byte: 0x3A. Prev command: 0x0
53:52:493 Core/HW/EXI_DeviceSlippi.cpp:3302 E[SLIPPI]: EXI SLIPPI: Invalid command byte: 0x3A. Prev command: 0x0
53:52:511 Core/HW/EXI_DeviceSlippi.cpp:3302 E[SLIPPI]: EXI SLIPPI: Invalid command byte: 0x3A. Prev command: 0x0
53:52:527 Core/HW/EXI_DeviceSlippi.cpp:3302 E[SLIPPI]: EXI SLIPPI: Invalid command byte: 0x3A. Prev command: 0x0
53:52:543 Core/HW/EXI_DeviceSlippi.cpp:3302 E[SLIPPI]: EXI SLIPPI: Invalid command byte: 0x3A. Prev command: 0x0
53:52:560 Core/HW/EXI_DeviceSlippi.cpp:3302 E[SLIPPI]: EXI SLIPPI: Invalid command byte: 0x3A. Prev command: 0x0
53:52:577 Core/HW/EXI_DeviceSlippi.cpp:3302 E[SLIPPI]: EXI SLIPPI: Invalid command byte: 0x3A. Prev command: 0x0
53:52:593 Core/HW/EXI_DeviceSlippi.cpp:3302 E[SLIPPI]: EXI SLIPPI: Invalid command byte: 0x3A. Prev command: 0x0
53:52:609 Core/HW/EXI_DeviceSlippi.cpp:3302 E[SLIPPI]: EXI SLIPPI: Invalid command byte: 0x3A. Prev command: 0x0
53:52:626 Core/HW/EXI_DeviceSlippi.cpp:3302 E[SLIPPI]: EXI SLIPPI: Invalid command byte: 0x3A. Prev command: 0x0
53:52:643 Core/HW/EXI_DeviceSlippi.cpp:3302 E[SLIPPI]: EXI SLIPPI: Invalid command byte: 0x3A. Prev command: 0x0
53:52:659 Core/HW/EXI_DeviceSlippi.cpp:3302 E[SLIPPI]: EXI SLIPPI: Invalid command byte: 0x3A. Prev command: 0x0
53:52:676 Core/HW/EXI_DeviceSlippi.cpp:3302 E[SLIPPI]: EXI SLIPPI: Invalid command byte: 0x3A. Prev command: 0x0
53:52:693 Core/HW/EXI_DeviceSlippi.cpp:3302 E[SLIPPI]: EXI SLIPPI: Invalid command byte: 0x3A. Prev command: 0x0
53:52:710 Core/HW/EXI_DeviceSlippi.cpp:3302 E[SLIPPI]: EXI SLIPPI: Invalid command byte: 0x3A. Prev command: 0x0
53:52:728 Core/HW/EXI_DeviceSlippi.cpp:3302 E[SLIPPI]: EXI SLIPPI: Invalid command byte: 0x3A. Prev command: 0x0
53:52:743 Core/HW/EXI_DeviceSlippi.cpp:3302 E[SLIPPI]: EXI SLIPPI: Invalid command byte: 0x3A. Prev command: 0x0
53:52:759 Core/HW/EXI_DeviceSlippi.cpp:3302 E[SLIPPI]: EXI SLIPPI: Invalid command byte: 0x3A. Prev command: 0x0
53:52:777 Core/HW/EXI_DeviceSlippi.cpp:3302 E[SLIPPI]: EXI SLIPPI: Invalid command byte: 0x3A. Prev command: 0x0
53:52:793 Core/HW/EXI_DeviceSlippi.cpp:3302 E[SLIPPI]: EXI SLIPPI: Invalid command byte: 0x3A. Prev command: 0x0
53:52:809 Core/HW/EXI_DeviceSlippi.cpp:3302 E[SLIPPI]: EXI SLIPPI: Invalid command byte: 0x3A. Prev command: 0x0
53:52:826 Core/HW/EXI_DeviceSlippi.cpp:3302 E[SLIPPI]: EXI SLIPPI: Invalid command byte: 0x3A. Prev command: 0x0
53:52:843 Core/HW/EXI_DeviceSlippi.cpp:3302 E[SLIPPI]: EXI SLIPPI: Invalid command byte: 0x3A. Prev command: 0x0
53:52:859 Core/HW/EXI_DeviceSlippi.cpp:3302 E[SLIPPI]: EXI SLIPPI: Invalid command byte: 0x3A. Prev command: 0x0
53:52:877 Core/HW/EXI_DeviceSlippi.cpp:3302 E[SLIPPI]: EXI SLIPPI: Invalid command byte: 0x3A. Prev command: 0x0
53:52:893 Core/HW/EXI_DeviceSlippi.cpp:3302 E[SLIPPI]: EXI SLIPPI: Invalid command byte: 0x3A. Prev command: 0x0
53:53:270 Core/HW/EXI_DeviceSlippi.cpp:3302 E[SLIPPI]: EXI SLIPPI: Invalid command byte: 0x3A. Prev command: 0x0
53:53:470 Core/HW/EXI_DeviceSlippi.cpp:3302 E[SLIPPI]: EXI SLIPPI: Invalid command byte: 0x3A. Prev command: 0x0
53:53:502 Core/HW/EXI_DeviceSlippi.cpp:3302 E[SLIPPI]: EXI SLIPPI: Invalid command byte: 0x3A. Prev command: 0x0
53:53:525 Core/HW/EXI_DeviceSlippi.cpp:3302 E[SLIPPI]: EXI SLIPPI: Invalid command byte: 0x3A. Prev command: 0x0
53:53:538 Core/HW/EXI_DeviceSlippi.cpp:3302 E[SLIPPI]: EXI SLIPPI: Invalid command byte: 0x3A. Prev command: 0x0
53:53:552 Core/HW/EXI_DeviceSlippi.cpp:3302 E[SLIPPI]: EXI SLIPPI: Invalid command byte: 0x3A. Prev command: 0x0
53:53:568 Core/HW/EXI_DeviceSlippi.cpp:3302 E[SLIPPI]: EXI SLIPPI: Invalid command byte: 0x3A. Prev command: 0x0
53:53:591 Core/HW/EXI_DeviceSlippi.cpp:3302 E[SLIPPI]: EXI SLIPPI: Invalid command byte: 0x3A. Prev command: 0x0
53:53:605 Core/HW/EXI_DeviceSlippi.cpp:3302 E[SLIPPI]: EXI SLIPPI: Invalid command byte: 0x3A. Prev command: 0x0
53:53:618 Core/HW/EXI_DeviceSlippi.cpp:3302 E[SLIPPI]: EXI SLIPPI: Invalid command byte: 0x3A. Prev command: 0x0
53:53:635 Core/HW/EXI_DeviceSlippi.cpp:3302 E[SLIPPI]: EXI SLIPPI: Invalid command byte: 0x3A. Prev command: 0x0
53:53:653 Core/HW/EXI_DeviceSlippi.cpp:3302 E[SLIPPI]: EXI SLIPPI: Invalid command byte: 0x3A. Prev command: 0x0
53:53:687 Core/HW/EXI_DeviceSlippi.cpp:3302 E[SLIPPI]: EXI SLIPPI: Invalid command byte: 0x3A. Prev command: 0x0
53:53:703 Core/HW/EXI_DeviceSlippi.cpp:3302 E[SLIPPI]: EXI SLIPPI: Invalid command byte: 0x3A. Prev command: 0x0
53:53:722 Core/HW/EXI_DeviceSlippi.cpp:3302 E[SLIPPI]: EXI SLIPPI: Invalid command byte: 0x3A. Prev command: 0x0
53:53:734 Core/HW/EXI_DeviceSlippi.cpp:3302 E[SLIPPI]: EXI SLIPPI: Invalid command byte: 0x3A. Prev command: 0x0
53:53:750 Core/HW/EXI_DeviceSlippi.cpp:3302 E[SLIPPI]: EXI SLIPPI: Invalid command byte: 0x3A. Prev command: 0x0
53:53:767 Core/HW/EXI_DeviceSlippi.cpp:3302 E[SLIPPI]: EXI SLIPPI: Invalid command byte: 0x3A. Prev command: 0x0
53:53:785 Core/HW/EXI_DeviceSlippi.cpp:3302 E[SLIPPI]: EXI SLIPPI: Invalid command byte: 0x3A. Prev command: 0x0
53:53:801 Core/HW/EXI_DeviceSlippi.cpp:3302 E[SLIPPI]: EXI SLIPPI: Invalid command byte: 0x3A. Prev command: 0x0
53:53:816 Core/HW/EXI_DeviceSlippi.cpp:3302 E[SLIPPI]: EXI SLIPPI: Invalid command byte: 0x3A. Prev command: 0x0
53:53:833 Core/HW/EXI_DeviceSlippi.cpp:3302 E[SLIPPI]: EXI SLIPPI: Invalid command byte: 0x3A. Prev command: 0x0
53:53:856 Core/HW/EXI_DeviceSlippi.cpp:3302 E[SLIPPI]: EXI SLIPPI: Invalid command byte: 0x3A. Prev command: 0x0
53:53:867 Core/HW/EXI_DeviceSlippi.cpp:3302 E[SLIPPI]: EXI SLIPPI: Invalid command byte: 0x3A. Prev command: 0x0
53:53:883 Core/HW/EXI_DeviceSlippi.cpp:3302 E[SLIPPI]: EXI SLIPPI: Invalid command byte: 0x3A. Prev command: 0x0
53:53:900 Core/HW/EXI_DeviceSlippi.cpp:3302 E[SLIPPI]: EXI SLIPPI: Invalid command byte: 0x3A. Prev command: 0x0
53:53:921 Core/HW/EXI_DeviceSlippi.cpp:3302 E[SLIPPI]: EXI SLIPPI: Invalid command byte: 0x3A. Prev command: 0x0
53:53:935 Core/HW/EXI_DeviceSlippi.cpp:3302 E[SLIPPI]: EXI SLIPPI: Invalid command byte: 0x3A. Prev command: 0x0
53:53:950 Core/HW/EXI_DeviceSlippi.cpp:3302 E[SLIPPI]: EXI SLIPPI: Invalid command byte: 0x3A. Prev command: 0x0
53:53:967 Core/HW/EXI_DeviceSlippi.cpp:3302 E[SLIPPI]: EXI SLIPPI: Invalid command byte: 0x3A. Prev command: 0x0
53:53:990 Core/HW/EXI_DeviceSlippi.cpp:3302 E[SLIPPI]: EXI SLIPPI: Invalid command byte: 0x3A. Prev command: 0x0
53:54:002 Core/HW/EXI_DeviceSlippi.cpp:3302 E[SLIPPI]: EXI SLIPPI: Invalid command byte: 0x3A. Prev command: 0x0
53:54:018 Core/HW/EXI_DeviceSlippi.cpp:3302 E[SLIPPI]: EXI SLIPPI: Invalid command byte: 0x3A. Prev command: 0x0
53:54:035 Core/HW/EXI_DeviceSlippi.cpp:3302 E[SLIPPI]: EXI SLIPPI: Invalid command byte: 0x3A. Prev command: 0x0
53:54:056 Core/HW/EXI_DeviceSlippi.cpp:3302 E[SLIPPI]: EXI SLIPPI: Invalid command byte: 0x3A. Prev command: 0x0
53:54:069 Core/HW/EXI_DeviceSlippi.cpp:3302 E[SLIPPI]: EXI SLIPPI: Invalid command byte: 0x3A. Prev command: 0x0
53:54:084 Core/HW/EXI_DeviceSlippi.cpp:3302 E[SLIPPI]: EXI SLIPPI: Invalid command byte: 0x3A. Prev command: 0x0
53:54:102 Core/HW/EXI_DeviceSlippi.cpp:3302 E[SLIPPI]: EXI SLIPPI: Invalid command byte: 0x3A. Prev command: 0x0
53:54:123 Core/HW/EXI_DeviceSlippi.cpp:3302 E[SLIPPI]: EXI SLIPPI: Invalid command byte: 0x3A. Prev command: 0x0
53:54:135 Core/HW/EXI_DeviceSlippi.cpp:3302 E[SLIPPI]: EXI SLIPPI: Invalid command byte: 0x3A. Prev command: 0x0
53:54:152 Core/HW/EXI_DeviceSlippi.cpp:3302 E[SLIPPI]: EXI SLIPPI: Invalid command byte: 0x3A. Prev command: 0x0
53:54:168 Core/HW/EXI_DeviceSlippi.cpp:3302 E[SLIPPI]: EXI SLIPPI: Invalid command byte: 0x3A. Prev command: 0x0
53:54:190 Core/HW/EXI_DeviceSlippi.cpp:3302 E[SLIPPI]: EXI SLIPPI: Invalid command byte: 0x3A. Prev command: 0x0
53:54:210 Core/HW/EXI_DeviceSlippi.cpp:3302 E[SLIPPI]: EXI SLIPPI: Invalid command byte: 0x3A. Prev command: 0x0
53:54:223 Core/HW/EXI_DeviceSlippi.cpp:3302 E[SLIPPI]: EXI SLIPPI: Invalid command byte: 0x3A. Prev command: 0x0
53:54:242 Core/HW/EXI_DeviceSlippi.cpp:3302 E[SLIPPI]: EXI SLIPPI: Invalid command byte: 0x3A. Prev command: 0x0
53:54:257 Core/HW/EXI_DeviceSlippi.cpp:3302 E[SLIPPI]: EXI SLIPPI: Invalid command byte: 0x3A. Prev command: 0x0
53:54:275 Core/HW/EXI_DeviceSlippi.cpp:3302 E[SLIPPI]: EXI SLIPPI: Invalid command byte: 0x3A. Prev command: 0x0
53:54:291 Core/HW/EXI_DeviceSlippi.cpp:3302 E[SLIPPI]: EXI SLIPPI: Invalid command byte: 0x3A. Prev command: 0x0
53:54:313 Core/HW/EXI_DeviceSlippi.cpp:3302 E[SLIPPI]: EXI SLIPPI: Invalid command byte: 0x3A. Prev command: 0x0
53:54:326 Core/HW/EXI_DeviceSlippi.cpp:3302 E[SLIPPI]: EXI SLIPPI: Invalid command byte: 0x3A. Prev command: 0x0
53:54:342 Core/HW/EXI_DeviceSlippi.cpp:3302 E[SLIPPI]: EXI SLIPPI: Invalid command byte: 0x3A. Prev command: 0x0
53:54:358 Core/HW/EXI_DeviceSlippi.cpp:3302 E[SLIPPI]: EXI SLIPPI: Invalid command byte: 0x3A. Prev command: 0x0
53:54:375 Core/HW/EXI_DeviceSlippi.cpp:3302 E[SLIPPI]: EXI SLIPPI: Invalid command byte: 0x3A. Prev command: 0x0
53:54:392 Core/HW/EXI_DeviceSlippi.cpp:3302 E[SLIPPI]: EXI SLIPPI: Invalid command byte: 0x3A. Prev command: 0x0
53:54:409 Core/HW/EXI_DeviceSlippi.cpp:3302 E[SLIPPI]: EXI SLIPPI: Invalid command byte: 0x3A. Prev command: 0x0
53:54:425 Core/HW/EXI_DeviceSlippi.cpp:3302 E[SLIPPI]: EXI SLIPPI: Invalid command byte: 0x3A. Prev command: 0x0
53:54:441 Core/HW/EXI_DeviceSlippi.cpp:3302 E[SLIPPI]: EXI SLIPPI: Invalid command byte: 0x3A. Prev command: 0x0
53:54:458 Core/HW/EXI_DeviceSlippi.cpp:3302 E[SLIPPI]: EXI SLIPPI: Invalid command byte: 0x3A. Prev command: 0x0
53:54:475 Core/HW/EXI_DeviceSlippi.cpp:3302 E[SLIPPI]: EXI SLIPPI: Invalid command byte: 0x3A. Prev command: 0x0
53:54:491 Core/HW/EXI_DeviceSlippi.cpp:3302 E[SLIPPI]: EXI SLIPPI: Invalid command byte: 0x3A. Prev command: 0x0
53:54:509 Core/HW/EXI_DeviceSlippi.cpp:3302 E[SLIPPI]: EXI SLIPPI: Invalid command byte: 0x3A. Prev command: 0x0
53:54:525 Core/HW/EXI_DeviceSlippi.cpp:3302 E[SLIPPI]: EXI SLIPPI: Invalid command byte: 0x3A. Prev command: 0x0
53:54:542 Core/HW/EXI_DeviceSlippi.cpp:3302 E[SLIPPI]: EXI SLIPPI: Invalid command byte: 0x3A. Prev command: 0x0
53:54:558 Core/HW/EXI_DeviceSlippi.cpp:3302 E[SLIPPI]: EXI SLIPPI: Invalid command byte: 0x3A. Prev command: 0x0
53:54:575 Core/HW/EXI_DeviceSlippi.cpp:3302 E[SLIPPI]: EXI SLIPPI: Invalid command byte: 0x3A. Prev command: 0x0
53:54:592 Core/HW/EXI_DeviceSlippi.cpp:3302 E[SLIPPI]: EXI SLIPPI: Invalid command byte: 0x3A. Prev command: 0x0
53:54:609 Core/HW/EXI_DeviceSlippi.cpp:3302 E[SLIPPI]: EXI SLIPPI: Invalid command byte: 0x3A. Prev command: 0x0
53:54:626 Core/HW/EXI_DeviceSlippi.cpp:3302 E[SLIPPI]: EXI SLIPPI: Invalid command byte: 0x3A. Prev command: 0x0
53:54:642 Core/HW/EXI_DeviceSlippi.cpp:3302 E[SLIPPI]: EXI SLIPPI: Invalid command byte: 0x3A. Prev command: 0x0
53:54:659 Core/HW/EXI_DeviceSlippi.cpp:3302 E[SLIPPI]: EXI SLIPPI: Invalid command byte: 0x3A. Prev command: 0x0
53:54:675 Core/HW/EXI_DeviceSlippi.cpp:3302 E[SLIPPI]: EXI SLIPPI: Invalid command byte: 0x3A. Prev command: 0x0
53:54:693 Core/HW/EXI_DeviceSlippi.cpp:3302 E[SLIPPI]: EXI SLIPPI: Invalid command byte: 0x3A. Prev command: 0x0
53:54:708 Core/HW/EXI_DeviceSlippi.cpp:3302 E[SLIPPI]: EXI SLIPPI: Invalid command byte: 0x3A. Prev command: 0x0
53:54:725 Core/HW/EXI_DeviceSlippi.cpp:3302 E[SLIPPI]: EXI SLIPPI: Invalid command byte: 0x3A. Prev command: 0x0
53:54:742 Core/HW/EXI_DeviceSlippi.cpp:3302 E[SLIPPI]: EXI SLIPPI: Invalid command byte: 0x3A. Prev command: 0x0
53:54:759 Core/HW/EXI_DeviceSlippi.cpp:3302 E[SLIPPI]: EXI SLIPPI: Invalid command byte: 0x3A. Prev command: 0x0
53:54:776 Core/HW/EXI_DeviceSlippi.cpp:3302 E[SLIPPI]: EXI SLIPPI: Invalid command byte: 0x3A. Prev command: 0x0
53:54:792 Core/HW/EXI_DeviceSlippi.cpp:3302 E[SLIPPI]: EXI SLIPPI: Invalid command byte: 0x3A. Prev command: 0x0
53:54:810 Core/HW/EXI_DeviceSlippi.cpp:3302 E[SLIPPI]: EXI SLIPPI: Invalid command byte: 0x3A. Prev command: 0x0
53:54:825 Core/HW/EXI_DeviceSlippi.cpp:3302 E[SLIPPI]: EXI SLIPPI: Invalid command byte: 0x3A. Prev command: 0x0
53:54:844 Core/HW/EXI_DeviceSlippi.cpp:3302 E[SLIPPI]: EXI SLIPPI: Invalid command byte: 0x3A. Prev command: 0x0
53:54:860 Core/HW/EXI_DeviceSlippi.cpp:3302 E[SLIPPI]: EXI SLIPPI: Invalid command byte: 0x3A. Prev command: 0x0
53:54:877 Core/HW/EXI_DeviceSlippi.cpp:3302 E[SLIPPI]: EXI SLIPPI: Invalid command byte: 0x3A. Prev command: 0x0
53:54:893 Core/HW/EXI_DeviceSlippi.cpp:3302 E[SLIPPI]: EXI SLIPPI: Invalid command byte: 0x3A. Prev command: 0x0
53:54:912 Core/HW/EXI_DeviceSlippi.cpp:3302 E[SLIPPI]: EXI SLIPPI: Invalid command byte: 0x3A. Prev command: 0x0
53:54:937 Core/HW/EXI_DeviceSlippi.cpp:3302 E[SLIPPI]: EXI SLIPPI: Invalid command byte: 0x3A. Prev command: 0x0
53:54:951 Core/HW/EXI_DeviceSlippi.cpp:3302 E[SLIPPI]: EXI SLIPPI: Invalid command byte: 0x3A. Prev command: 0x0
53:54:965 Core/HW/EXI_DeviceSlippi.cpp:3302 E[SLIPPI]: EXI SLIPPI: Invalid command byte: 0x3A. Prev command: 0x0
53:54:987 Core/HW/EXI_DeviceSlippi.cpp:3302 E[SLIPPI]: EXI SLIPPI: Invalid command byte: 0x3A. Prev command: 0x0
53:55:004 Core/HW/EXI_DeviceSlippi.cpp:3302 E[SLIPPI]: EXI SLIPPI: Invalid command byte: 0x3A. Prev command: 0x0
53:55:015 Core/HW/EXI_DeviceSlippi.cpp:3302 E[SLIPPI]: EXI SLIPPI: Invalid command byte: 0x3A. Prev command: 0x0
53:55:029 Core/HW/EXI_DeviceSlippi.cpp:3302 E[SLIPPI]: EXI SLIPPI: Invalid command byte: 0x3A. Prev command: 0x0
53:55:055 Core/HW/EXI_DeviceSlippi.cpp:3302 E[SLIPPI]: EXI SLIPPI: Invalid command byte: 0x3A. Prev command: 0x0
53:55:066 Core/HW/EXI_DeviceSlippi.cpp:3302 E[SLIPPI]: EXI SLIPPI: Invalid command byte: 0x3A. Prev command: 0x0
53:55:082 Core/HW/EXI_DeviceSlippi.cpp:3302 E[SLIPPI]: EXI SLIPPI: Invalid command byte: 0x3A. Prev command: 0x0
53:55:101 Core/HW/EXI_DeviceSlippi.cpp:3302 E[SLIPPI]: EXI SLIPPI: Invalid command byte: 0x3A. Prev command: 0x0
53:55:116 Core/HW/EXI_DeviceSlippi.cpp:3302 E[SLIPPI]: EXI SLIPPI: Invalid command byte: 0x3A. Prev command: 0x0
53:55:133 Core/HW/EXI_DeviceSlippi.cpp:3302 E[SLIPPI]: EXI SLIPPI: Invalid command byte: 0x3A. Prev command: 0x0
53:55:148 Core/HW/EXI_DeviceSlippi.cpp:3302 E[SLIPPI]: EXI SLIPPI: Invalid command byte: 0x3A. Prev command: 0x0
53:55:171 Core/HW/EXI_DeviceSlippi.cpp:3302 E[SLIPPI]: EXI SLIPPI: Invalid command byte: 0x3A. Prev command: 0x0
53:55:183 Core/HW/EXI_DeviceSlippi.cpp:3302 E[SLIPPI]: EXI SLIPPI: Invalid command byte: 0x3A. Prev command: 0x0
53:55:200 Core/HW/EXI_DeviceSlippi.cpp:3302 E[SLIPPI]: EXI SLIPPI: Invalid command byte: 0x3A. Prev command: 0x0
53:55:216 Core/HW/EXI_DeviceSlippi.cpp:3302 E[SLIPPI]: EXI SLIPPI: Invalid command byte: 0x3A. Prev command: 0x0
53:55:235 Core/HW/EXI_DeviceSlippi.cpp:3302 E[SLIPPI]: EXI SLIPPI: Invalid command byte: 0x3A. Prev command: 0x0
53:55:249 Core/HW/EXI_DeviceSlippi.cpp:3302 E[SLIPPI]: EXI SLIPPI: Invalid command byte: 0x3A. Prev command: 0x0
53:55:265 Core/HW/EXI_DeviceSlippi.cpp:3302 E[SLIPPI]: EXI SLIPPI: Invalid command byte: 0x3A. Prev command: 0x0
53:55:282 Core/HW/EXI_DeviceSlippi.cpp:3302 E[SLIPPI]: EXI SLIPPI: Invalid command byte: 0x3A. Prev command: 0x0
53:55:306 Core/HW/EXI_DeviceSlippi.cpp:3302 E[SLIPPI]: EXI SLIPPI: Invalid command byte: 0x3A. Prev command: 0x0
53:55:317 Core/HW/EXI_DeviceSlippi.cpp:3302 E[SLIPPI]: EXI SLIPPI: Invalid command byte: 0x3A. Prev command: 0x0
53:55:334 Core/HW/EXI_DeviceSlippi.cpp:3302 E[SLIPPI]: EXI SLIPPI: Invalid command byte: 0x3A. Prev command: 0x0
53:55:352 Core/HW/EXI_DeviceSlippi.cpp:3302 E[SLIPPI]: EXI SLIPPI: Invalid command byte: 0x3A. Prev command: 0x0
53:55:370 Core/HW/EXI_DeviceSlippi.cpp:3302 E[SLIPPI]: EXI SLIPPI: Invalid command byte: 0x3A. Prev command: 0x0
53:55:382 Core/HW/EXI_DeviceSlippi.cpp:3302 E[SLIPPI]: EXI SLIPPI: Invalid command byte: 0x3A. Prev command: 0x0
53:55:404 Core/HW/EXI_DeviceSlippi.cpp:3302 E[SLIPPI]: EXI SLIPPI: Invalid command byte: 0x3A. Prev command: 0x0
53:55:418 Core/HW/EXI_DeviceSlippi.cpp:3302 E[SLIPPI]: EXI SLIPPI: Invalid command byte: 0x3A. Prev command: 0x0
53:55:432 Core/HW/EXI_DeviceSlippi.cpp:3302 E[SLIPPI]: EXI SLIPPI: Invalid command byte: 0x3A. Prev command: 0x0
53:55:458 Core/HW/EXI_DeviceSlippi.cpp:3302 E[SLIPPI]: EXI SLIPPI: Invalid command byte: 0x3A. Prev command: 0x0
53:55:471 Core/HW/EXI_DeviceSlippi.cpp:3302 E[SLIPPI]: EXI SLIPPI: Invalid command byte: 0x3A. Prev command: 0x0
53:55:485 Core/HW/EXI_DeviceSlippi.cpp:3302 E[SLIPPI]: EXI SLIPPI: Invalid command byte: 0x3A. Prev command: 0x0
53:55:503 Core/HW/EXI_DeviceSlippi.cpp:3302 E[SLIPPI]: EXI SLIPPI: Invalid command byte: 0x3A. Prev command: 0x0
53:55:519 Core/HW/EXI_DeviceSlippi.cpp:3302 E[SLIPPI]: EXI SLIPPI: Invalid command byte: 0x3A. Prev command: 0x0
53:55:536 Core/HW/EXI_DeviceSlippi.cpp:3302 E[SLIPPI]: EXI SLIPPI: Invalid command byte: 0x3A. Prev command: 0x0
53:55:552 Core/HW/EXI_DeviceSlippi.cpp:3302 E[SLIPPI]: EXI SLIPPI: Invalid command byte: 0x3A. Prev command: 0x0
53:55:577 Core/HW/EXI_DeviceSlippi.cpp:3302 E[SLIPPI]: EXI SLIPPI: Invalid command byte: 0x3A. Prev command: 0x0
53:55:590 Core/HW/EXI_DeviceSlippi.cpp:3302 E[SLIPPI]: EXI SLIPPI: Invalid command byte: 0x3A. Prev command: 0x0
53:55:606 Core/HW/EXI_DeviceSlippi.cpp:3302 E[SLIPPI]: EXI SLIPPI: Invalid command byte: 0x3A. Prev command: 0x0
53:55:622 Core/HW/EXI_DeviceSlippi.cpp:3302 E[SLIPPI]: EXI SLIPPI: Invalid command byte: 0x3A. Prev command: 0x0
53:55:639 Core/HW/EXI_DeviceSlippi.cpp:3302 E[SLIPPI]: EXI SLIPPI: Invalid command byte: 0x3A. Prev command: 0x0
53:55:657 Core/HW/EXI_DeviceSlippi.cpp:3302 E[SLIPPI]: EXI SLIPPI: Invalid command byte: 0x3A. Prev command: 0x0
53:55:672 Core/HW/EXI_DeviceSlippi.cpp:3302 E[SLIPPI]: EXI SLIPPI: Invalid command byte: 0x3A. Prev command: 0x0
53:55:689 Core/HW/EXI_DeviceSlippi.cpp:3302 E[SLIPPI]: EXI SLIPPI: Invalid command byte: 0x3A. Prev command: 0x0
53:55:707 Core/HW/EXI_DeviceSlippi.cpp:3302 E[SLIPPI]: EXI SLIPPI: Invalid command byte: 0x3A. Prev command: 0x0
53:55:722 Core/HW/EXI_DeviceSlippi.cpp:3302 E[SLIPPI]: EXI SLIPPI: Invalid command byte: 0x3A. Prev command: 0x0
53:55:740 Core/HW/EXI_DeviceSlippi.cpp:3302 E[SLIPPI]: EXI SLIPPI: Invalid command byte: 0x3A. Prev command: 0x0
53:55:757 Core/HW/EXI_DeviceSlippi.cpp:3302 E[SLIPPI]: EXI SLIPPI: Invalid command byte: 0x3A. Prev command: 0x0
53:55:775 Core/HW/EXI_DeviceSlippi.cpp:3302 E[SLIPPI]: EXI SLIPPI: Invalid command byte: 0x3A. Prev command: 0x0
53:55:790 Core/HW/EXI_DeviceSlippi.cpp:3302 E[SLIPPI]: EXI SLIPPI: Invalid command byte: 0x3A. Prev command: 0x0
53:55:807 Core/HW/EXI_DeviceSlippi.cpp:3302 E[SLIPPI]: EXI SLIPPI: Invalid command byte: 0x3A. Prev command: 0x0
53:55:824 Core/HW/EXI_DeviceSlippi.cpp:3302 E[SLIPPI]: EXI SLIPPI: Invalid command byte: 0x3A. Prev command: 0x0
53:55:842 Core/HW/EXI_DeviceSlippi.cpp:3302 E[SLIPPI]: EXI SLIPPI: Invalid command byte: 0x3A. Prev command: 0x0
53:55:857 Core/HW/EXI_DeviceSlippi.cpp:3302 E[SLIPPI]: EXI SLIPPI: Invalid command byte: 0x3A. Prev command: 0x0
53:56:352 Core/HW/EXI_DeviceSlippi.cpp:3302 E[SLIPPI]: EXI SLIPPI: Invalid command byte: 0x3A. Prev command: 0x0
53:56:566 Core/HW/EXI_DeviceSlippi.cpp:3302 E[SLIPPI]: EXI SLIPPI: Invalid command byte: 0x3A. Prev command: 0x0
53:56:586 Core/HW/EXI_DeviceSlippi.cpp:3302 E[SLIPPI]: EXI SLIPPI: Invalid command byte: 0x3A. Prev command: 0x0
53:56:605 Core/HW/EXI_DeviceSlippi.cpp:3302 E[SLIPPI]: EXI SLIPPI: Invalid command byte: 0x3A. Prev command: 0x0
53:56:620 Core/HW/EXI_DeviceSlippi.cpp:3302 E[SLIPPI]: EXI SLIPPI: Invalid command byte: 0x3A. Prev command: 0x0
53:56:639 Core/HW/EXI_DeviceSlippi.cpp:3302 E[SLIPPI]: EXI SLIPPI: Invalid command byte: 0x3A. Prev command: 0x0
53:56:652 Core/HW/EXI_DeviceSlippi.cpp:3302 E[SLIPPI]: EXI SLIPPI: Invalid command byte: 0x3A. Prev command: 0x0
53:56:673 Core/HW/EXI_DeviceSlippi.cpp:3302 E[SLIPPI]: EXI SLIPPI: Invalid command byte: 0x3A. Prev command: 0x0
53:56:688 Core/HW/EXI_DeviceSlippi.cpp:3302 E[SLIPPI]: EXI SLIPPI: Invalid command byte: 0x3A. Prev command: 0x0
53:56:705 Core/HW/EXI_DeviceSlippi.cpp:3302 E[SLIPPI]: EXI SLIPPI: Invalid command byte: 0x3A. Prev command: 0x0
53:56:718 Core/HW/EXI_DeviceSlippi.cpp:3302 E[SLIPPI]: EXI SLIPPI: Invalid command byte: 0x3A. Prev command: 0x0
53:56:738 Core/HW/EXI_DeviceSlippi.cpp:3302 E[SLIPPI]: EXI SLIPPI: Invalid command byte: 0x3A. Prev command: 0x0
53:56:771 Core/HW/EXI_DeviceSlippi.cpp:3302 E[SLIPPI]: EXI SLIPPI: Invalid command byte: 0x3A. Prev command: 0x0
53:56:790 Core/HW/EXI_DeviceSlippi.cpp:3302 E[SLIPPI]: EXI SLIPPI: Invalid command byte: 0x3A. Prev command: 0x0
53:56:804 Core/HW/EXI_DeviceSlippi.cpp:3302 E[SLIPPI]: EXI SLIPPI: Invalid command byte: 0x3A. Prev command: 0x0
53:56:817 Core/HW/EXI_DeviceSlippi.cpp:3302 E[SLIPPI]: EXI SLIPPI: Invalid command byte: 0x3A. Prev command: 0x0
53:56:838 Core/HW/EXI_DeviceSlippi.cpp:3302 E[SLIPPI]: EXI SLIPPI: Invalid command byte: 0x3A. Prev command: 0x0
53:56:851 Core/HW/EXI_DeviceSlippi.cpp:3302 E[SLIPPI]: EXI SLIPPI: Invalid command byte: 0x3A. Prev command: 0x0
53:56:870 Core/HW/EXI_DeviceSlippi.cpp:3302 E[SLIPPI]: EXI SLIPPI: Invalid command byte: 0x3A. Prev command: 0x0
53:56:884 Core/HW/EXI_DeviceSlippi.cpp:3302 E[SLIPPI]: EXI SLIPPI: Invalid command byte: 0x3A. Prev command: 0x0
53:56:905 Core/HW/EXI_DeviceSlippi.cpp:3302 E[SLIPPI]: EXI SLIPPI: Invalid command byte: 0x3A. Prev command: 0x0
53:56:918 Core/HW/EXI_DeviceSlippi.cpp:3302 E[SLIPPI]: EXI SLIPPI: Invalid command byte: 0x3A. Prev command: 0x0
53:56:937 Core/HW/EXI_DeviceSlippi.cpp:3302 E[SLIPPI]: EXI SLIPPI: Invalid command byte: 0x3A. Prev command: 0x0
53:56:954 Core/HW/EXI_DeviceSlippi.cpp:3302 E[SLIPPI]: EXI SLIPPI: Invalid command byte: 0x3A. Prev command: 0x0
53:56:971 Core/HW/EXI_DeviceSlippi.cpp:3302 E[SLIPPI]: EXI SLIPPI: Invalid command byte: 0x3A. Prev command: 0x0
53:56:984 Core/HW/EXI_DeviceSlippi.cpp:3302 E[SLIPPI]: EXI SLIPPI: Invalid command byte: 0x3A. Prev command: 0x0
53:57:004 Core/HW/EXI_DeviceSlippi.cpp:3302 E[SLIPPI]: EXI SLIPPI: Invalid command byte: 0x3A. Prev command: 0x0
53:57:018 Core/HW/EXI_DeviceSlippi.cpp:3302 E[SLIPPI]: EXI SLIPPI: Invalid command byte: 0x3A. Prev command: 0x0
53:57:038 Core/HW/EXI_DeviceSlippi.cpp:3302 E[SLIPPI]: EXI SLIPPI: Invalid command byte: 0x3A. Prev command: 0x0
53:57:053 Core/HW/EXI_DeviceSlippi.cpp:3302 E[SLIPPI]: EXI SLIPPI: Invalid command byte: 0x3A. Prev command: 0x0
53:57:071 Core/HW/EXI_DeviceSlippi.cpp:3302 E[SLIPPI]: EXI SLIPPI: Invalid command byte: 0x3A. Prev command: 0x0
53:57:084 Core/HW/EXI_DeviceSlippi.cpp:3302 E[SLIPPI]: EXI SLIPPI: Invalid command byte: 0x3A. Prev command: 0x0
53:57:106 Core/HW/EXI_DeviceSlippi.cpp:3302 E[SLIPPI]: EXI SLIPPI: Invalid command byte: 0x3A. Prev command: 0x0
53:57:118 Core/HW/EXI_DeviceSlippi.cpp:3302 E[SLIPPI]: EXI SLIPPI: Invalid command byte: 0x3A. Prev command: 0x0
53:57:139 Core/HW/EXI_DeviceSlippi.cpp:3302 E[SLIPPI]: EXI SLIPPI: Invalid command byte: 0x3A. Prev command: 0x0
53:57:151 Core/HW/EXI_DeviceSlippi.cpp:3302 E[SLIPPI]: EXI SLIPPI: Invalid command byte: 0x3A. Prev command: 0x0
53:57:172 Core/HW/EXI_DeviceSlippi.cpp:3302 E[SLIPPI]: EXI SLIPPI: Invalid command byte: 0x3A. Prev command: 0x0
53:57:184 Core/HW/EXI_DeviceSlippi.cpp:3302 E[SLIPPI]: EXI SLIPPI: Invalid command byte: 0x3A. Prev command: 0x0
53:57:204 Core/HW/EXI_DeviceSlippi.cpp:3302 E[SLIPPI]: EXI SLIPPI: Invalid command byte: 0x3A. Prev command: 0x0
53:57:218 Core/HW/EXI_DeviceSlippi.cpp:3302 E[SLIPPI]: EXI SLIPPI: Invalid command byte: 0x3A. Prev command: 0x0
53:57:239 Core/HW/EXI_DeviceSlippi.cpp:3302 E[SLIPPI]: EXI SLIPPI: Invalid command byte: 0x3A. Prev command: 0x0
53:57:251 Core/HW/EXI_DeviceSlippi.cpp:3302 E[SLIPPI]: EXI SLIPPI: Invalid command byte: 0x3A. Prev command: 0x0
53:57:271 Core/HW/EXI_DeviceSlippi.cpp:3302 E[SLIPPI]: EXI SLIPPI: Invalid command byte: 0x3A. Prev command: 0x0
53:57:284 Core/HW/EXI_DeviceSlippi.cpp:3302 E[SLIPPI]: EXI SLIPPI: Invalid command byte: 0x3A. Prev command: 0x0
53:57:304 Core/HW/EXI_DeviceSlippi.cpp:3302 E[SLIPPI]: EXI SLIPPI: Invalid command byte: 0x3A. Prev command: 0x0
53:57:319 Core/HW/EXI_DeviceSlippi.cpp:3302 E[SLIPPI]: EXI SLIPPI: Invalid command byte: 0x3A. Prev command: 0x0
53:57:334 Core/HW/EXI_DeviceSlippi.cpp:3302 E[SLIPPI]: EXI SLIPPI: Invalid command byte: 0x3A. Prev command: 0x0
53:57:350 Core/HW/EXI_DeviceSlippi.cpp:3302 E[SLIPPI]: EXI SLIPPI: Invalid command byte: 0x3A. Prev command: 0x0
53:57:368 Core/HW/EXI_DeviceSlippi.cpp:3302 E[SLIPPI]: EXI SLIPPI: Invalid command byte: 0x3A. Prev command: 0x0
53:57:391 Core/HW/EXI_DeviceSlippi.cpp:3302 E[SLIPPI]: EXI SLIPPI: Invalid command byte: 0x3A. Prev command: 0x0
53:57:404 Core/HW/EXI_DeviceSlippi.cpp:3302 E[SLIPPI]: EXI SLIPPI: Invalid command byte: 0x3A. Prev command: 0x0
53:57:418 Core/HW/EXI_DeviceSlippi.cpp:3302 E[SLIPPI]: EXI SLIPPI: Invalid command byte: 0x3A. Prev command: 0x0
53:57:437 Core/HW/EXI_DeviceSlippi.cpp:3302 E[SLIPPI]: EXI SLIPPI: Invalid command byte: 0x3A. Prev command: 0x0
53:57:451 Core/HW/EXI_DeviceSlippi.cpp:3302 E[SLIPPI]: EXI SLIPPI: Invalid command byte: 0x3A. Prev command: 0x0
53:57:468 Core/HW/EXI_DeviceSlippi.cpp:3302 E[SLIPPI]: EXI SLIPPI: Invalid command byte: 0x3A. Prev command: 0x0
53:57:485 Core/HW/EXI_DeviceSlippi.cpp:3302 E[SLIPPI]: EXI SLIPPI: Invalid command byte: 0x3A. Prev command: 0x0
53:57:501 Core/HW/EXI_DeviceSlippi.cpp:3302 E[SLIPPI]: EXI SLIPPI: Invalid command byte: 0x3A. Prev command: 0x0
53:57:520 Core/HW/EXI_DeviceSlippi.cpp:3302 E[SLIPPI]: EXI SLIPPI: Invalid command byte: 0x3A. Prev command: 0x0
53:57:537 Core/HW/EXI_DeviceSlippi.cpp:3302 E[SLIPPI]: EXI SLIPPI: Invalid command byte: 0x3A. Prev command: 0x0
53:57:551 Core/HW/EXI_DeviceSlippi.cpp:3302 E[SLIPPI]: EXI SLIPPI: Invalid command byte: 0x3A. Prev command: 0x0
53:57:568 Core/HW/EXI_DeviceSlippi.cpp:3302 E[SLIPPI]: EXI SLIPPI: Invalid command byte: 0x3A. Prev command: 0x0
53:57:589 Core/HW/EXI_DeviceSlippi.cpp:3302 E[SLIPPI]: EXI SLIPPI: Invalid command byte: 0x3A. Prev command: 0x0
53:57:603 Core/HW/EXI_DeviceSlippi.cpp:3302 E[SLIPPI]: EXI SLIPPI: Invalid command byte: 0x3A. Prev command: 0x0
53:57:618 Core/HW/EXI_DeviceSlippi.cpp:3302 E[SLIPPI]: EXI SLIPPI: Invalid command byte: 0x3A. Prev command: 0x0
53:57:634 Core/HW/EXI_DeviceSlippi.cpp:3302 E[SLIPPI]: EXI SLIPPI: Invalid command byte: 0x3A. Prev command: 0x0
53:57:654 Core/HW/EXI_DeviceSlippi.cpp:3302 E[SLIPPI]: EXI SLIPPI: Invalid command byte: 0x3A. Prev command: 0x0
53:57:668 Core/HW/EXI_DeviceSlippi.cpp:3302 E[SLIPPI]: EXI SLIPPI: Invalid command byte: 0x3A. Prev command: 0x0
53:57:684 Core/HW/EXI_DeviceSlippi.cpp:3302 E[SLIPPI]: EXI SLIPPI: Invalid command byte: 0x3A. Prev command: 0x0
53:57:706 Core/HW/EXI_DeviceSlippi.cpp:3302 E[SLIPPI]: EXI SLIPPI: Invalid command byte: 0x3A. Prev command: 0x0
53:57:718 Core/HW/EXI_DeviceSlippi.cpp:3302 E[SLIPPI]: EXI SLIPPI: Invalid command byte: 0x3A. Prev command: 0x0
53:57:737 Core/HW/EXI_DeviceSlippi.cpp:3302 E[SLIPPI]: EXI SLIPPI: Invalid command byte: 0x3A. Prev command: 0x0
53:57:753 Core/HW/EXI_DeviceSlippi.cpp:3302 E[SLIPPI]: EXI SLIPPI: Invalid command byte: 0x3A. Prev command: 0x0
53:57:773 Core/HW/EXI_DeviceSlippi.cpp:3302 E[SLIPPI]: EXI SLIPPI: Invalid command byte: 0x3A. Prev command: 0x0
53:57:786 Core/HW/EXI_DeviceSlippi.cpp:3302 E[SLIPPI]: EXI SLIPPI: Invalid command byte: 0x3A. Prev command: 0x0
53:57:803 Core/HW/EXI_DeviceSlippi.cpp:3302 E[SLIPPI]: EXI SLIPPI: Invalid command byte: 0x3A. Prev command: 0x0
53:57:819 Core/HW/EXI_DeviceSlippi.cpp:3302 E[SLIPPI]: EXI SLIPPI: Invalid command byte: 0x3A. Prev command: 0x0
53:57:834 Core/HW/EXI_DeviceSlippi.cpp:3302 E[SLIPPI]: EXI SLIPPI: Invalid command byte: 0x3A. Prev command: 0x0
53:57:858 Core/HW/EXI_DeviceSlippi.cpp:3302 E[SLIPPI]: EXI SLIPPI: Invalid command byte: 0x3A. Prev command: 0x0
53:57:872 Core/HW/EXI_DeviceSlippi.cpp:3302 E[SLIPPI]: EXI SLIPPI: Invalid command byte: 0x3A. Prev command: 0x0
53:57:887 Core/HW/EXI_DeviceSlippi.cpp:3302 E[SLIPPI]: EXI SLIPPI: Invalid command byte: 0x3A. Prev command: 0x0
53:57:904 Core/HW/EXI_DeviceSlippi.cpp:3302 E[SLIPPI]: EXI SLIPPI: Invalid command byte: 0x3A. Prev command: 0x0
53:57:925 Core/HW/EXI_DeviceSlippi.cpp:3302 E[SLIPPI]: EXI SLIPPI: Invalid command byte: 0x3A. Prev command: 0x0
53:57:938 Core/HW/EXI_DeviceSlippi.cpp:3302 E[SLIPPI]: EXI SLIPPI: Invalid command byte: 0x3A. Prev command: 0x0
53:57:953 Core/HW/EXI_DeviceSlippi.cpp:3302 E[SLIPPI]: EXI SLIPPI: Invalid command byte: 0x3A. Prev command: 0x0
53:57:974 Core/HW/EXI_DeviceSlippi.cpp:3302 E[SLIPPI]: EXI SLIPPI: Invalid command byte: 0x3A. Prev command: 0x0
53:57:987 Core/HW/EXI_DeviceSlippi.cpp:3302 E[SLIPPI]: EXI SLIPPI: Invalid command byte: 0x3A. Prev command: 0x0
53:58:003 Core/HW/EXI_DeviceSlippi.cpp:3302 E[SLIPPI]: EXI SLIPPI: Invalid command byte: 0x3A. Prev command: 0x0
53:58:020 Core/HW/EXI_DeviceSlippi.cpp:3302 E[SLIPPI]: EXI SLIPPI: Invalid command byte: 0x3A. Prev command: 0x0
53:58:038 Core/HW/EXI_DeviceSlippi.cpp:3302 E[SLIPPI]: EXI SLIPPI: Invalid command byte: 0x3A. Prev command: 0x0
53:58:055 Core/HW/EXI_DeviceSlippi.cpp:3302 E[SLIPPI]: EXI SLIPPI: Invalid command byte: 0x3A. Prev command: 0x0
53:58:073 Core/HW/EXI_DeviceSlippi.cpp:3302 E[SLIPPI]: EXI SLIPPI: Invalid command byte: 0x3A. Prev command: 0x0
53:58:088 Core/HW/EXI_DeviceSlippi.cpp:3302 E[SLIPPI]: EXI SLIPPI: Invalid command byte: 0x3A. Prev command: 0x0
53:58:108 Core/HW/EXI_DeviceSlippi.cpp:3302 E[SLIPPI]: EXI SLIPPI: Invalid command byte: 0x3A. Prev command: 0x0
53:58:121 Core/HW/EXI_DeviceSlippi.cpp:3302 E[SLIPPI]: EXI SLIPPI: Invalid command byte: 0x3A. Prev command: 0x0
53:58:137 Core/HW/EXI_DeviceSlippi.cpp:3302 E[SLIPPI]: EXI SLIPPI: Invalid command byte: 0x3A. Prev command: 0x0
53:58:153 Core/HW/EXI_DeviceSlippi.cpp:3302 E[SLIPPI]: EXI SLIPPI: Invalid command byte: 0x3A. Prev command: 0x0
53:58:172 Core/HW/EXI_DeviceSlippi.cpp:3302 E[SLIPPI]: EXI SLIPPI: Invalid command byte: 0x3A. Prev command: 0x0
53:58:187 Core/HW/EXI_DeviceSlippi.cpp:3302 E[SLIPPI]: EXI SLIPPI: Invalid command byte: 0x3A. Prev command: 0x0
53:58:204 Core/HW/EXI_DeviceSlippi.cpp:3302 E[SLIPPI]: EXI SLIPPI: Invalid command byte: 0x3A. Prev command: 0x0
53:58:221 Core/HW/EXI_DeviceSlippi.cpp:3302 E[SLIPPI]: EXI SLIPPI: Invalid command byte: 0x3A. Prev command: 0x0
53:58:244 Core/HW/EXI_DeviceSlippi.cpp:3302 E[SLIPPI]: EXI SLIPPI: Invalid command byte: 0x3A. Prev command: 0x0
53:58:256 Core/HW/EXI_DeviceSlippi.cpp:3302 E[SLIPPI]: EXI SLIPPI: Invalid command byte: 0x3A. Prev command: 0x0
53:58:274 Core/HW/EXI_DeviceSlippi.cpp:3302 E[SLIPPI]: EXI SLIPPI: Invalid command byte: 0x3A. Prev command: 0x0
53:58:292 Core/HW/EXI_DeviceSlippi.cpp:3302 E[SLIPPI]: EXI SLIPPI: Invalid command byte: 0x3A. Prev command: 0x0
53:58:311 Core/HW/EXI_DeviceSlippi.cpp:3302 E[SLIPPI]: EXI SLIPPI: Invalid command byte: 0x3A. Prev command: 0x0
53:58:328 Core/HW/EXI_DeviceSlippi.cpp:3302 E[SLIPPI]: EXI SLIPPI: Invalid command byte: 0x3A. Prev command: 0x0
53:58:344 Core/HW/EXI_DeviceSlippi.cpp:3302 E[SLIPPI]: EXI SLIPPI: Invalid command byte: 0x3A. Prev command: 0x0
53:58:361 Core/HW/EXI_DeviceSlippi.cpp:3302 E[SLIPPI]: EXI SLIPPI: Invalid command byte: 0x3A. Prev command: 0x0
53:58:377 Core/HW/EXI_DeviceSlippi.cpp:3302 E[SLIPPI]: EXI SLIPPI: Invalid command byte: 0x3A. Prev command: 0x0
53:58:395 Core/HW/EXI_DeviceSlippi.cpp:3302 E[SLIPPI]: EXI SLIPPI: Invalid command byte: 0x3A. Prev command: 0x0
53:58:412 Core/HW/EXI_DeviceSlippi.cpp:3302 E[SLIPPI]: EXI SLIPPI: Invalid command byte: 0x3A. Prev command: 0x0
53:58:428 Core/HW/EXI_DeviceSlippi.cpp:3302 E[SLIPPI]: EXI SLIPPI: Invalid command byte: 0x3A. Prev command: 0x0
53:58:445 Core/HW/EXI_DeviceSlippi.cpp:3302 E[SLIPPI]: EXI SLIPPI: Invalid command byte: 0x3A. Prev command: 0x0
53:58:461 Core/HW/EXI_DeviceSlippi.cpp:3302 E[SLIPPI]: EXI SLIPPI: Invalid command byte: 0x3A. Prev command: 0x0
53:58:477 Core/HW/EXI_DeviceSlippi.cpp:3302 E[SLIPPI]: EXI SLIPPI: Invalid command byte: 0x3A. Prev command: 0x0
53:58:495 Core/HW/EXI_DeviceSlippi.cpp:3302 E[SLIPPI]: EXI SLIPPI: Invalid command byte: 0x3A. Prev command: 0x0
53:58:512 Core/HW/EXI_DeviceSlippi.cpp:3302 E[SLIPPI]: EXI SLIPPI: Invalid command byte: 0x3A. Prev command: 0x0
53:58:528 Core/HW/EXI_DeviceSlippi.cpp:3302 E[SLIPPI]: EXI SLIPPI: Invalid command byte: 0x3A. Prev command: 0x0
53:58:544 Core/HW/EXI_DeviceSlippi.cpp:3302 E[SLIPPI]: EXI SLIPPI: Invalid command byte: 0x3A. Prev command: 0x0
53:58:561 Core/HW/EXI_DeviceSlippi.cpp:3302 E[SLIPPI]: EXI SLIPPI: Invalid command byte: 0x3A. Prev command: 0x0
53:58:579 Core/HW/EXI_DeviceSlippi.cpp:3302 E[SLIPPI]: EXI SLIPPI: Invalid command byte: 0x3A. Prev command: 0x0
53:58:595 Core/HW/EXI_DeviceSlippi.cpp:3302 E[SLIPPI]: EXI SLIPPI: Invalid command byte: 0x3A. Prev command: 0x0
53:58:611 Core/HW/EXI_DeviceSlippi.cpp:3302 E[SLIPPI]: EXI SLIPPI: Invalid command byte: 0x3A. Prev command: 0x0
53:58:628 Core/HW/EXI_DeviceSlippi.cpp:3302 E[SLIPPI]: EXI SLIPPI: Invalid command byte: 0x3A. Prev command: 0x0
53:58:645 Core/HW/EXI_DeviceSlippi.cpp:3302 E[SLIPPI]: EXI SLIPPI: Invalid command byte: 0x3A. Prev command: 0x0
53:58:661 Core/HW/EXI_DeviceSlippi.cpp:3302 E[SLIPPI]: EXI SLIPPI: Invalid command byte: 0x3A. Prev command: 0x0
53:58:678 Core/HW/EXI_DeviceSlippi.cpp:3302 E[SLIPPI]: EXI SLIPPI: Invalid command byte: 0x3A. Prev command: 0x0
53:58:695 Core/HW/EXI_DeviceSlippi.cpp:3302 E[SLIPPI]: EXI SLIPPI: Invalid command byte: 0x3A. Prev command: 0x0
53:58:711 Core/HW/EXI_DeviceSlippi.cpp:3302 E[SLIPPI]: EXI SLIPPI: Invalid command byte: 0x3A. Prev command: 0x0
53:58:729 Core/HW/EXI_DeviceSlippi.cpp:3302 E[SLIPPI]: EXI SLIPPI: Invalid command byte: 0x3A. Prev command: 0x0
53:58:744 Core/HW/EXI_DeviceSlippi.cpp:3302 E[SLIPPI]: EXI SLIPPI: Invalid command byte: 0x3A. Prev command: 0x0
53:58:768 Core/HW/EXI_DeviceSlippi.cpp:3302 E[SLIPPI]: EXI SLIPPI: Invalid command byte: 0x3A. Prev command: 0x0
53:58:778 Core/HW/EXI_DeviceSlippi.cpp:3302 E[SLIPPI]: EXI SLIPPI: Invalid command byte: 0x3A. Prev command: 0x0
53:58:794 Core/HW/EXI_DeviceSlippi.cpp:3302 E[SLIPPI]: EXI SLIPPI: Invalid command byte: 0x3A. Prev command: 0x0
53:58:812 Core/HW/EXI_DeviceSlippi.cpp:3302 E[SLIPPI]: EXI SLIPPI: Invalid command byte: 0x3A. Prev command: 0x0
53:58:828 Core/HW/EXI_DeviceSlippi.cpp:3302 E[SLIPPI]: EXI SLIPPI: Invalid command byte: 0x3A. Prev command: 0x0
53:58:845 Core/HW/EXI_DeviceSlippi.cpp:3302 E[SLIPPI]: EXI SLIPPI: Invalid command byte: 0x3A. Prev command: 0x0
53:58:862 Core/HW/EXI_DeviceSlippi.cpp:3302 E[SLIPPI]: EXI SLIPPI: Invalid command byte: 0x3A. Prev command: 0x0
53:58:879 Core/HW/EXI_DeviceSlippi.cpp:3302 E[SLIPPI]: EXI SLIPPI: Invalid command byte: 0x3A. Prev command: 0x0
53:58:894 Core/HW/EXI_DeviceSlippi.cpp:3302 E[SLIPPI]: EXI SLIPPI: Invalid command byte: 0x3A. Prev command: 0x0
53:59:269 Core/HW/EXI_DeviceSlippi.cpp:3302 E[SLIPPI]: EXI SLIPPI: Invalid command byte: 0x3A. Prev command: 0x0
53:59:471 Core/HW/EXI_DeviceSlippi.cpp:3302 E[SLIPPI]: EXI SLIPPI: Invalid command byte: 0x3A. Prev command: 0x0
53:59:490 Core/HW/EXI_DeviceSlippi.cpp:3302 E[SLIPPI]: EXI SLIPPI: Invalid command byte: 0x3A. Prev command: 0x0
53:59:525 Core/HW/EXI_DeviceSlippi.cpp:3302 E[SLIPPI]: EXI SLIPPI: Invalid command byte: 0x3A. Prev command: 0x0
53:59:539 Core/HW/EXI_DeviceSlippi.cpp:3302 E[SLIPPI]: EXI SLIPPI: Invalid command byte: 0x3A. Prev command: 0x0
53:59:557 Core/HW/EXI_DeviceSlippi.cpp:3302 E[SLIPPI]: EXI SLIPPI: Invalid command byte: 0x3A. Prev command: 0x0
53:59:570 Core/HW/EXI_DeviceSlippi.cpp:3302 E[SLIPPI]: EXI SLIPPI: Invalid command byte: 0x3A. Prev command: 0x0
53:59:588 Core/HW/EXI_DeviceSlippi.cpp:3302 E[SLIPPI]: EXI SLIPPI: Invalid command byte: 0x3A. Prev command: 0x0
53:59:606 Core/HW/EXI_DeviceSlippi.cpp:3302 E[SLIPPI]: EXI SLIPPI: Invalid command byte: 0x3A. Prev command: 0x0
53:59:619 Core/HW/EXI_DeviceSlippi.cpp:3302 E[SLIPPI]: EXI SLIPPI: Invalid command byte: 0x3A. Prev command: 0x0
53:59:635 Core/HW/EXI_DeviceSlippi.cpp:3302 E[SLIPPI]: EXI SLIPPI: Invalid command byte: 0x3A. Prev command: 0x0
53:59:656 Core/HW/EXI_DeviceSlippi.cpp:3302 E[SLIPPI]: EXI SLIPPI: Invalid command byte: 0x3A. Prev command: 0x0
53:59:693 Core/HW/EXI_DeviceSlippi.cpp:3302 E[SLIPPI]: EXI SLIPPI: Invalid command byte: 0x3A. Prev command: 0x0
53:59:720 Core/HW/EXI_DeviceSlippi.cpp:3302 E[SLIPPI]: EXI SLIPPI: Invalid command byte: 0x3A. Prev command: 0x0
53:59:735 Core/HW/EXI_DeviceSlippi.cpp:3302 E[SLIPPI]: EXI SLIPPI: Invalid command byte: 0x3A. Prev command: 0x0
53:59:757 Core/HW/EXI_DeviceSlippi.cpp:3302 E[SLIPPI]: EXI SLIPPI: Invalid command byte: 0x3A. Prev command: 0x0
53:59:769 Core/HW/EXI_DeviceSlippi.cpp:3302 E[SLIPPI]: EXI SLIPPI: Invalid command byte: 0x3A. Prev command: 0x0
53:59:784 Core/HW/EXI_DeviceSlippi.cpp:3302 E[SLIPPI]: EXI SLIPPI: Invalid command byte: 0x3A. Prev command: 0x0
53:59:804 Core/HW/EXI_DeviceSlippi.cpp:3302 E[SLIPPI]: EXI SLIPPI: Invalid command byte: 0x3A. Prev command: 0x0
53:59:818 Core/HW/EXI_DeviceSlippi.cpp:3302 E[SLIPPI]: EXI SLIPPI: Invalid command byte: 0x3A. Prev command: 0x0
53:59:835 Core/HW/EXI_DeviceSlippi.cpp:3302 E[SLIPPI]: EXI SLIPPI: Invalid command byte: 0x3A. Prev command: 0x0
53:59:855 Core/HW/EXI_DeviceSlippi.cpp:3302 E[SLIPPI]: EXI SLIPPI: Invalid command byte: 0x3A. Prev command: 0x0
53:59:868 Core/HW/EXI_DeviceSlippi.cpp:3302 E[SLIPPI]: EXI SLIPPI: Invalid command byte: 0x3A. Prev command: 0x0
53:59:884 Core/HW/EXI_DeviceSlippi.cpp:3302 E[SLIPPI]: EXI SLIPPI: Invalid command byte: 0x3A. Prev command: 0x0
53:59:907 Core/HW/EXI_DeviceSlippi.cpp:3302 E[SLIPPI]: EXI SLIPPI: Invalid command byte: 0x3A. Prev command: 0x0
53:59:919 Core/HW/EXI_DeviceSlippi.cpp:3302 E[SLIPPI]: EXI SLIPPI: Invalid command byte: 0x3A. Prev command: 0x0
53:59:935 Core/HW/EXI_DeviceSlippi.cpp:3302 E[SLIPPI]: EXI SLIPPI: Invalid command byte: 0x3A. Prev command: 0x0
53:59:955 Core/HW/EXI_DeviceSlippi.cpp:3302 E[SLIPPI]: EXI SLIPPI: Invalid command byte: 0x3A. Prev command: 0x0
53:59:967 Core/HW/EXI_DeviceSlippi.cpp:3302 E[SLIPPI]: EXI SLIPPI: Invalid command byte: 0x3A. Prev command: 0x0
53:59:986 Core/HW/EXI_DeviceSlippi.cpp:3302 E[SLIPPI]: EXI SLIPPI: Invalid command byte: 0x3A. Prev command: 0x0
54:00:004 Core/HW/EXI_DeviceSlippi.cpp:3302 E[SLIPPI]: EXI SLIPPI: Invalid command byte: 0x3A. Prev command: 0x0
54:00:023 Core/HW/EXI_DeviceSlippi.cpp:3302 E[SLIPPI]: EXI SLIPPI: Invalid command byte: 0x3A. Prev command: 0x0
54:00:036 Core/HW/EXI_DeviceSlippi.cpp:3302 E[SLIPPI]: EXI SLIPPI: Invalid command byte: 0x3A. Prev command: 0x0
54:00:055 Core/HW/EXI_DeviceSlippi.cpp:3302 E[SLIPPI]: EXI SLIPPI: Invalid command byte: 0x3A. Prev command: 0x0
54:00:073 Core/HW/EXI_DeviceSlippi.cpp:3302 E[SLIPPI]: EXI SLIPPI: Invalid command byte: 0x3A. Prev command: 0x0
54:00:086 Core/HW/EXI_DeviceSlippi.cpp:3302 E[SLIPPI]: EXI SLIPPI: Invalid command byte: 0x3A. Prev command: 0x0
54:00:104 Core/HW/EXI_DeviceSlippi.cpp:3302 E[SLIPPI]: EXI SLIPPI: Invalid command byte: 0x3A. Prev command: 0x0
54:00:119 Core/HW/EXI_DeviceSlippi.cpp:3302 E[SLIPPI]: EXI SLIPPI: Invalid command byte: 0x3A. Prev command: 0x0
54:00:140 Core/HW/EXI_DeviceSlippi.cpp:3302 E[SLIPPI]: EXI SLIPPI: Invalid command byte: 0x3A. Prev command: 0x0
54:00:153 Core/HW/EXI_DeviceSlippi.cpp:3302 E[SLIPPI]: EXI SLIPPI: Invalid command byte: 0x3A. Prev command: 0x0
54:00:172 Core/HW/EXI_DeviceSlippi.cpp:3302 E[SLIPPI]: EXI SLIPPI: Invalid command byte: 0x3A. Prev command: 0x0
54:00:189 Core/HW/EXI_DeviceSlippi.cpp:3302 E[SLIPPI]: EXI SLIPPI: Invalid command byte: 0x3A. Prev command: 0x0
54:00:202 Core/HW/EXI_DeviceSlippi.cpp:3302 E[SLIPPI]: EXI SLIPPI: Invalid command byte: 0x3A. Prev command: 0x0
54:00:219 Core/HW/EXI_DeviceSlippi.cpp:3302 E[SLIPPI]: EXI SLIPPI: Invalid command byte: 0x3A. Prev command: 0x0
54:00:242 Core/HW/EXI_DeviceSlippi.cpp:3302 E[SLIPPI]: EXI SLIPPI: Invalid command byte: 0x3A. Prev command: 0x0
54:00:255 Core/HW/EXI_DeviceSlippi.cpp:3302 E[SLIPPI]: EXI SLIPPI: Invalid command byte: 0x3A. Prev command: 0x0
54:00:272 Core/HW/EXI_DeviceSlippi.cpp:3302 E[SLIPPI]: EXI SLIPPI: Invalid command byte: 0x3A. Prev command: 0x0
54:00:291 Core/HW/EXI_DeviceSlippi.cpp:3302 E[SLIPPI]: EXI SLIPPI: Invalid command byte: 0x3A. Prev command: 0x0
54:00:306 Core/HW/EXI_DeviceSlippi.cpp:3302 E[SLIPPI]: EXI SLIPPI: Invalid command byte: 0x3A. Prev command: 0x0
54:00:330 Core/HW/EXI_DeviceSlippi.cpp:3302 E[SLIPPI]: EXI SLIPPI: Invalid command byte: 0x3A. Prev command: 0x0
54:00:341 Core/HW/EXI_DeviceSlippi.cpp:3302 E[SLIPPI]: EXI SLIPPI: Invalid command byte: 0x3A. Prev command: 0x0
54:00:357 Core/HW/EXI_DeviceSlippi.cpp:3302 E[SLIPPI]: EXI SLIPPI: Invalid command byte: 0x3A. Prev command: 0x0
54:00:373 Core/HW/EXI_DeviceSlippi.cpp:3302 E[SLIPPI]: EXI SLIPPI: Invalid command byte: 0x3A. Prev command: 0x0
54:00:391 Core/HW/EXI_DeviceSlippi.cpp:3302 E[SLIPPI]: EXI SLIPPI: Invalid command byte: 0x3A. Prev command: 0x0
54:00:406 Core/HW/EXI_DeviceSlippi.cpp:3302 E[SLIPPI]: EXI SLIPPI: Invalid command byte: 0x3A. Prev command: 0x0
54:00:423 Core/HW/EXI_DeviceSlippi.cpp:3302 E[SLIPPI]: EXI SLIPPI: Invalid command byte: 0x3A. Prev command: 0x0
54:00:441 Core/HW/EXI_DeviceSlippi.cpp:3302 E[SLIPPI]: EXI SLIPPI: Invalid command byte: 0x3A. Prev command: 0x0
54:00:457 Core/HW/EXI_DeviceSlippi.cpp:3302 E[SLIPPI]: EXI SLIPPI: Invalid command byte: 0x3A. Prev command: 0x0
54:00:474 Core/HW/EXI_DeviceSlippi.cpp:3302 E[SLIPPI]: EXI SLIPPI: Invalid command byte: 0x3A. Prev command: 0x0
54:00:491 Core/HW/EXI_DeviceSlippi.cpp:3302 E[SLIPPI]: EXI SLIPPI: Invalid command byte: 0x3A. Prev command: 0x0
54:00:508 Core/HW/EXI_DeviceSlippi.cpp:3302 E[SLIPPI]: EXI SLIPPI: Invalid command byte: 0x3A. Prev command: 0x0
54:00:524 Core/HW/EXI_DeviceSlippi.cpp:3302 E[SLIPPI]: EXI SLIPPI: Invalid command byte: 0x3A. Prev command: 0x0
54:00:541 Core/HW/EXI_DeviceSlippi.cpp:3302 E[SLIPPI]: EXI SLIPPI: Invalid command byte: 0x3A. Prev command: 0x0
54:00:557 Core/HW/EXI_DeviceSlippi.cpp:3302 E[SLIPPI]: EXI SLIPPI: Invalid command byte: 0x3A. Prev command: 0x0
54:00:573 Core/HW/EXI_DeviceSlippi.cpp:3302 E[SLIPPI]: EXI SLIPPI: Invalid command byte: 0x3A. Prev command: 0x0
54:00:590 Core/HW/EXI_DeviceSlippi.cpp:3302 E[SLIPPI]: EXI SLIPPI: Invalid command byte: 0x3A. Prev command: 0x0
54:00:607 Core/HW/EXI_DeviceSlippi.cpp:3302 E[SLIPPI]: EXI SLIPPI: Invalid command byte: 0x3A. Prev command: 0x0
54:00:624 Core/HW/EXI_DeviceSlippi.cpp:3302 E[SLIPPI]: EXI SLIPPI: Invalid command byte: 0x3A. Prev command: 0x0
54:00:641 Core/HW/EXI_DeviceSlippi.cpp:3302 E[SLIPPI]: EXI SLIPPI: Invalid command byte: 0x3A. Prev command: 0x0
54:00:657 Core/HW/EXI_DeviceSlippi.cpp:3302 E[SLIPPI]: EXI SLIPPI: Invalid command byte: 0x3A. Prev command: 0x0
54:00:675 Core/HW/EXI_DeviceSlippi.cpp:3302 E[SLIPPI]: EXI SLIPPI: Invalid command byte: 0x3A. Prev command: 0x0
54:00:691 Core/HW/EXI_DeviceSlippi.cpp:3302 E[SLIPPI]: EXI SLIPPI: Invalid command byte: 0x3A. Prev command: 0x0
54:00:709 Core/HW/EXI_DeviceSlippi.cpp:3302 E[SLIPPI]: EXI SLIPPI: Invalid command byte: 0x3A. Prev command: 0x0
54:00:725 Core/HW/EXI_DeviceSlippi.cpp:3302 E[SLIPPI]: EXI SLIPPI: Invalid command byte: 0x3A. Prev command: 0x0
54:00:741 Core/HW/EXI_DeviceSlippi.cpp:3302 E[SLIPPI]: EXI SLIPPI: Invalid command byte: 0x3A. Prev command: 0x0
54:00:758 Core/HW/EXI_DeviceSlippi.cpp:3302 E[SLIPPI]: EXI SLIPPI: Invalid command byte: 0x3A. Prev command: 0x0
54:00:779 Core/HW/EXI_DeviceSlippi.cpp:3302 E[SLIPPI]: EXI SLIPPI: Invalid command byte: 0x3A. Prev command: 0x0
54:00:793 Core/HW/EXI_DeviceSlippi.cpp:3302 E[SLIPPI]: EXI SLIPPI: Invalid command byte: 0x3A. Prev command: 0x0
54:00:810 Core/HW/EXI_DeviceSlippi.cpp:3302 E[SLIPPI]: EXI SLIPPI: Invalid command byte: 0x3A. Prev command: 0x0
54:00:827 Core/HW/EXI_DeviceSlippi.cpp:3302 E[SLIPPI]: EXI SLIPPI: Invalid command byte: 0x3A. Prev command: 0x0
54:00:844 Core/HW/EXI_DeviceSlippi.cpp:3302 E[SLIPPI]: EXI SLIPPI: Invalid command byte: 0x3A. Prev command: 0x0
54:00:861 Core/HW/EXI_DeviceSlippi.cpp:3302 E[SLIPPI]: EXI SLIPPI: Invalid command byte: 0x3A. Prev command: 0x0
54:00:877 Core/HW/EXI_DeviceSlippi.cpp:3302 E[SLIPPI]: EXI SLIPPI: Invalid command byte: 0x3A. Prev command: 0x0
54:00:899 Core/HW/EXI_DeviceSlippi.cpp:3302 E[SLIPPI]: EXI SLIPPI: Invalid command byte: 0x3A. Prev command: 0x0
54:00:920 Core/HW/EXI_DeviceSlippi.cpp:3302 E[SLIPPI]: EXI SLIPPI: Invalid command byte: 0x3A. Prev command: 0x0
54:00:936 Core/HW/EXI_DeviceSlippi.cpp:3302 E[SLIPPI]: EXI SLIPPI: Invalid command byte: 0x3A. Prev command: 0x0
54:00:948 Core/HW/EXI_DeviceSlippi.cpp:3302 E[SLIPPI]: EXI SLIPPI: Invalid command byte: 0x3A. Prev command: 0x0
54:00:973 Core/HW/EXI_DeviceSlippi.cpp:3302 E[SLIPPI]: EXI SLIPPI: Invalid command byte: 0x3A. Prev command: 0x0
54:00:983 Core/HW/EXI_DeviceSlippi.cpp:3302 E[SLIPPI]: EXI SLIPPI: Invalid command byte: 0x3A. Prev command: 0x0
54:01:002 Core/HW/EXI_DeviceSlippi.cpp:3302 E[SLIPPI]: EXI SLIPPI: Invalid command byte: 0x3A. Prev command: 0x0
54:01:021 Core/HW/EXI_DeviceSlippi.cpp:3302 E[SLIPPI]: EXI SLIPPI: Invalid command byte: 0x3A. Prev command: 0x0
54:01:035 Core/HW/EXI_DeviceSlippi.cpp:3302 E[SLIPPI]: EXI SLIPPI: Invalid command byte: 0x3A. Prev command: 0x0
54:01:054 Core/HW/EXI_DeviceSlippi.cpp:3302 E[SLIPPI]: EXI SLIPPI: Invalid command byte: 0x3A. Prev command: 0x0
54:01:077 Core/HW/EXI_DeviceSlippi.cpp:3302 E[SLIPPI]: EXI SLIPPI: Invalid command byte: 0x3A. Prev command: 0x0
54:01:089 Core/HW/EXI_DeviceSlippi.cpp:3302 E[SLIPPI]: EXI SLIPPI: Invalid command byte: 0x3A. Prev command: 0x0
54:01:102 Core/HW/EXI_DeviceSlippi.cpp:3302 E[SLIPPI]: EXI SLIPPI: Invalid command byte: 0x3A. Prev command: 0x0
54:01:120 Core/HW/EXI_DeviceSlippi.cpp:3302 E[SLIPPI]: EXI SLIPPI: Invalid command byte: 0x3A. Prev command: 0x0
54:01:136 Core/HW/EXI_DeviceSlippi.cpp:3302 E[SLIPPI]: EXI SLIPPI: Invalid command byte: 0x3A. Prev command: 0x0
54:01:152 Core/HW/EXI_DeviceSlippi.cpp:3302 E[SLIPPI]: EXI SLIPPI: Invalid command byte: 0x3A. Prev command: 0x0
54:01:170 Core/HW/EXI_DeviceSlippi.cpp:3302 E[SLIPPI]: EXI SLIPPI: Invalid command byte: 0x3A. Prev command: 0x0
54:01:186 Core/HW/EXI_DeviceSlippi.cpp:3302 E[SLIPPI]: EXI SLIPPI: Invalid command byte: 0x3A. Prev command: 0x0
54:01:203 Core/HW/EXI_DeviceSlippi.cpp:3302 E[SLIPPI]: EXI SLIPPI: Invalid command byte: 0x3A. Prev command: 0x0
54:01:221 Core/HW/EXI_DeviceSlippi.cpp:3302 E[SLIPPI]: EXI SLIPPI: Invalid command byte: 0x3A. Prev command: 0x0
54:01:237 Core/HW/EXI_DeviceSlippi.cpp:3302 E[SLIPPI]: EXI SLIPPI: Invalid command byte: 0x3A. Prev command: 0x0
54:01:255 Core/HW/EXI_DeviceSlippi.cpp:3302 E[SLIPPI]: EXI SLIPPI: Invalid command byte: 0x3A. Prev command: 0x0
54:01:269 Core/HW/EXI_DeviceSlippi.cpp:3302 E[SLIPPI]: EXI SLIPPI: Invalid command byte: 0x3A. Prev command: 0x0
54:01:289 Core/HW/EXI_DeviceSlippi.cpp:3302 E[SLIPPI]: EXI SLIPPI: Invalid command byte: 0x3A. Prev command: 0x0
54:01:304 Core/HW/EXI_DeviceSlippi.cpp:3302 E[SLIPPI]: EXI SLIPPI: Invalid command byte: 0x3A. Prev command: 0x0
54:01:325 Core/HW/EXI_DeviceSlippi.cpp:3302 E[SLIPPI]: EXI SLIPPI: Invalid command byte: 0x3A. Prev command: 0x0
54:01:338 Core/HW/EXI_DeviceSlippi.cpp:3302 E[SLIPPI]: EXI SLIPPI: Invalid command byte: 0x3A. Prev command: 0x0
54:01:354 Core/HW/EXI_DeviceSlippi.cpp:3302 E[SLIPPI]: EXI SLIPPI: Invalid command byte: 0x3A. Prev command: 0x0
54:01:370 Core/HW/EXI_DeviceSlippi.cpp:3302 E[SLIPPI]: EXI SLIPPI: Invalid command byte: 0x3A. Prev command: 0x0
54:01:389 Core/HW/EXI_DeviceSlippi.cpp:3302 E[SLIPPI]: EXI SLIPPI: Invalid command byte: 0x3A. Prev command: 0x0
54:01:405 Core/HW/EXI_DeviceSlippi.cpp:3302 E[SLIPPI]: EXI SLIPPI: Invalid command byte: 0x3A. Prev command: 0x0
54:01:422 Core/HW/EXI_DeviceSlippi.cpp:3302 E[SLIPPI]: EXI SLIPPI: Invalid command byte: 0x3A. Prev command: 0x0
54:01:438 Core/HW/EXI_DeviceSlippi.cpp:3302 E[SLIPPI]: EXI SLIPPI: Invalid command byte: 0x3A. Prev command: 0x0
54:01:459 Core/HW/EXI_DeviceSlippi.cpp:3302 E[SLIPPI]: EXI SLIPPI: Invalid command byte: 0x3A. Prev command: 0x0
54:01:475 Core/HW/EXI_DeviceSlippi.cpp:3302 E[SLIPPI]: EXI SLIPPI: Invalid command byte: 0x3A. Prev command: 0x0
54:01:490 Core/HW/EXI_DeviceSlippi.cpp:3302 E[SLIPPI]: EXI SLIPPI: Invalid command byte: 0x3A. Prev command: 0x0
54:01:507 Core/HW/EXI_DeviceSlippi.cpp:3302 E[SLIPPI]: EXI SLIPPI: Invalid command byte: 0x3A. Prev command: 0x0
54:01:524 Core/HW/EXI_DeviceSlippi.cpp:3302 E[SLIPPI]: EXI SLIPPI: Invalid command byte: 0x3A. Prev command: 0x0
54:01:541 Core/HW/EXI_DeviceSlippi.cpp:3302 E[SLIPPI]: EXI SLIPPI: Invalid command byte: 0x3A. Prev command: 0x0
54:01:557 Core/HW/EXI_DeviceSlippi.cpp:3302 E[SLIPPI]: EXI SLIPPI: Invalid command byte: 0x3A. Prev command: 0x0
54:01:574 Core/HW/EXI_DeviceSlippi.cpp:3302 E[SLIPPI]: EXI SLIPPI: Invalid command byte: 0x3A. Prev command: 0x0
54:01:595 Core/HW/EXI_DeviceSlippi.cpp:3302 E[SLIPPI]: EXI SLIPPI: Invalid command byte: 0x3A. Prev command: 0x0
54:01:610 Core/HW/EXI_DeviceSlippi.cpp:3302 E[SLIPPI]: EXI SLIPPI: Invalid command byte: 0x3A. Prev command: 0x0
54:01:627 Core/HW/EXI_DeviceSlippi.cpp:3302 E[SLIPPI]: EXI SLIPPI: Invalid command byte: 0x3A. Prev command: 0x0
54:01:645 Core/HW/EXI_DeviceSlippi.cpp:3302 E[SLIPPI]: EXI SLIPPI: Invalid command byte: 0x3A. Prev command: 0x0
54:01:661 Core/HW/EXI_DeviceSlippi.cpp:3302 E[SLIPPI]: EXI SLIPPI: Invalid command byte: 0x3A. Prev command: 0x0
54:01:677 Core/HW/EXI_DeviceSlippi.cpp:3302 E[SLIPPI]: EXI SLIPPI: Invalid command byte: 0x3A. Prev command: 0x0
54:01:694 Core/HW/EXI_DeviceSlippi.cpp:3302 E[SLIPPI]: EXI SLIPPI: Invalid command byte: 0x3A. Prev command: 0x0
54:01:710 Core/HW/EXI_DeviceSlippi.cpp:3302 E[SLIPPI]: EXI SLIPPI: Invalid command byte: 0x3A. Prev command: 0x0
54:01:732 Core/HW/EXI_DeviceSlippi.cpp:3302 E[SLIPPI]: EXI SLIPPI: Invalid command byte: 0x3A. Prev command: 0x0
54:01:747 Core/HW/EXI_DeviceSlippi.cpp:3302 E[SLIPPI]: EXI SLIPPI: Invalid command byte: 0x3A. Prev command: 0x0
54:01:761 Core/HW/EXI_DeviceSlippi.cpp:3302 E[SLIPPI]: EXI SLIPPI: Invalid command byte: 0x3A. Prev command: 0x0
54:01:779 Core/HW/EXI_DeviceSlippi.cpp:3302 E[SLIPPI]: EXI SLIPPI: Invalid command byte: 0x3A. Prev command: 0x0
54:01:795 Core/HW/EXI_DeviceSlippi.cpp:3302 E[SLIPPI]: EXI SLIPPI: Invalid command byte: 0x3A. Prev command: 0x0
54:01:812 Core/HW/EXI_DeviceSlippi.cpp:3302 E[SLIPPI]: EXI SLIPPI: Invalid command byte: 0x3A. Prev command: 0x0
54:01:829 Core/HW/EXI_DeviceSlippi.cpp:3302 E[SLIPPI]: EXI SLIPPI: Invalid command byte: 0x3A. Prev command: 0x0
54:01:844 Core/HW/EXI_DeviceSlippi.cpp:3302 E[SLIPPI]: EXI SLIPPI: Invalid command byte: 0x3A. Prev command: 0x0
54:01:863 Core/HW/EXI_DeviceSlippi.cpp:3302 E[SLIPPI]: EXI SLIPPI: Invalid command byte: 0x3A. Prev command: 0x0
54:02:272 Core/HW/EXI_DeviceSlippi.cpp:3302 E[SLIPPI]: EXI SLIPPI: Invalid command byte: 0x3A. Prev command: 0x0
54:02:468 Core/HW/EXI_DeviceSlippi.cpp:3302 E[SLIPPI]: EXI SLIPPI: Invalid command byte: 0x3A. Prev command: 0x0
54:02:492 Core/HW/EXI_DeviceSlippi.cpp:3302 E[SLIPPI]: EXI SLIPPI: Invalid command byte: 0x3A. Prev command: 0x0
54:02:509 Core/HW/EXI_DeviceSlippi.cpp:3302 E[SLIPPI]: EXI SLIPPI: Invalid command byte: 0x3A. Prev command: 0x0
54:02:527 Core/HW/EXI_DeviceSlippi.cpp:3302 E[SLIPPI]: EXI SLIPPI: Invalid command byte: 0x3A. Prev command: 0x0
54:02:544 Core/HW/EXI_DeviceSlippi.cpp:3302 E[SLIPPI]: EXI SLIPPI: Invalid command byte: 0x3A. Prev command: 0x0
54:02:560 Core/HW/EXI_DeviceSlippi.cpp:3302 E[SLIPPI]: EXI SLIPPI: Invalid command byte: 0x3A. Prev command: 0x0
54:02:577 Core/HW/EXI_DeviceSlippi.cpp:3302 E[SLIPPI]: EXI SLIPPI: Invalid command byte: 0x3A. Prev command: 0x0
54:02:594 Core/HW/EXI_DeviceSlippi.cpp:3302 E[SLIPPI]: EXI SLIPPI: Invalid command byte: 0x3A. Prev command: 0x0
54:02:610 Core/HW/EXI_DeviceSlippi.cpp:3302 E[SLIPPI]: EXI SLIPPI: Invalid command byte: 0x3A. Prev command: 0x0
54:02:626 Core/HW/EXI_DeviceSlippi.cpp:3302 E[SLIPPI]: EXI SLIPPI: Invalid command byte: 0x3A. Prev command: 0x0
54:02:643 Core/HW/EXI_DeviceSlippi.cpp:3302 E[SLIPPI]: EXI SLIPPI: Invalid command byte: 0x3A. Prev command: 0x0
54:02:681 Core/HW/EXI_DeviceSlippi.cpp:3302 E[SLIPPI]: EXI SLIPPI: Invalid command byte: 0x3A. Prev command: 0x0
54:02:696 Core/HW/EXI_DeviceSlippi.cpp:3302 E[SLIPPI]: EXI SLIPPI: Invalid command byte: 0x3A. Prev command: 0x0
54:02:709 Core/HW/EXI_DeviceSlippi.cpp:3302 E[SLIPPI]: EXI SLIPPI: Invalid command byte: 0x3A. Prev command: 0x0
54:02:727 Core/HW/EXI_DeviceSlippi.cpp:3302 E[SLIPPI]: EXI SLIPPI: Invalid command byte: 0x3A. Prev command: 0x0
54:02:743 Core/HW/EXI_DeviceSlippi.cpp:3302 E[SLIPPI]: EXI SLIPPI: Invalid command byte: 0x3A. Prev command: 0x0
54:02:760 Core/HW/EXI_DeviceSlippi.cpp:3302 E[SLIPPI]: EXI SLIPPI: Invalid command byte: 0x3A. Prev command: 0x0
54:02:776 Core/HW/EXI_DeviceSlippi.cpp:3302 E[SLIPPI]: EXI SLIPPI: Invalid command byte: 0x3A. Prev command: 0x0
54:02:793 Core/HW/EXI_DeviceSlippi.cpp:3302 E[SLIPPI]: EXI SLIPPI: Invalid command byte: 0x3A. Prev command: 0x0
54:02:809 Core/HW/EXI_DeviceSlippi.cpp:3302 E[SLIPPI]: EXI SLIPPI: Invalid command byte: 0x3A. Prev command: 0x0
54:02:826 Core/HW/EXI_DeviceSlippi.cpp:3302 E[SLIPPI]: EXI SLIPPI: Invalid command byte: 0x3A. Prev command: 0x0
54:02:843 Core/HW/EXI_DeviceSlippi.cpp:3302 E[SLIPPI]: EXI SLIPPI: Invalid command byte: 0x3A. Prev command: 0x0
54:02:860 Core/HW/EXI_DeviceSlippi.cpp:3302 E[SLIPPI]: EXI SLIPPI: Invalid command byte: 0x3A. Prev command: 0x0
54:02:877 Core/HW/EXI_DeviceSlippi.cpp:3302 E[SLIPPI]: EXI SLIPPI: Invalid command byte: 0x3A. Prev command: 0x0
54:02:894 Core/HW/EXI_DeviceSlippi.cpp:3302 E[SLIPPI]: EXI SLIPPI: Invalid command byte: 0x3A. Prev command: 0x0
54:02:909 Core/HW/EXI_DeviceSlippi.cpp:3302 E[SLIPPI]: EXI SLIPPI: Invalid command byte: 0x3A. Prev command: 0x0
54:02:927 Core/HW/EXI_DeviceSlippi.cpp:3302 E[SLIPPI]: EXI SLIPPI: Invalid command byte: 0x3A. Prev command: 0x0
54:02:943 Core/HW/EXI_DeviceSlippi.cpp:3302 E[SLIPPI]: EXI SLIPPI: Invalid command byte: 0x3A. Prev command: 0x0
54:02:960 Core/HW/EXI_DeviceSlippi.cpp:3302 E[SLIPPI]: EXI SLIPPI: Invalid command byte: 0x3A. Prev command: 0x0
54:02:977 Core/HW/EXI_DeviceSlippi.cpp:3302 E[SLIPPI]: EXI SLIPPI: Invalid command byte: 0x3A. Prev command: 0x0
54:02:994 Core/HW/EXI_DeviceSlippi.cpp:3302 E[SLIPPI]: EXI SLIPPI: Invalid command byte: 0x3A. Prev command: 0x0
54:03:010 Core/HW/EXI_DeviceSlippi.cpp:3302 E[SLIPPI]: EXI SLIPPI: Invalid command byte: 0x3A. Prev command: 0x0
54:03:027 Core/HW/EXI_DeviceSlippi.cpp:3302 E[SLIPPI]: EXI SLIPPI: Invalid command byte: 0x3A. Prev command: 0x0
54:03:043 Core/HW/EXI_DeviceSlippi.cpp:3302 E[SLIPPI]: EXI SLIPPI: Invalid command byte: 0x3A. Prev command: 0x0
54:03:059 Core/HW/EXI_DeviceSlippi.cpp:3302 E[SLIPPI]: EXI SLIPPI: Invalid command byte: 0x3A. Prev command: 0x0
54:03:077 Core/HW/EXI_DeviceSlippi.cpp:3302 E[SLIPPI]: EXI SLIPPI: Invalid command byte: 0x3A. Prev command: 0x0
54:03:093 Core/HW/EXI_DeviceSlippi.cpp:3302 E[SLIPPI]: EXI SLIPPI: Invalid command byte: 0x3A. Prev command: 0x0
54:03:109 Core/HW/EXI_DeviceSlippi.cpp:3302 E[SLIPPI]: EXI SLIPPI: Invalid command byte: 0x3A. Prev command: 0x0
54:03:127 Core/HW/EXI_DeviceSlippi.cpp:3302 E[SLIPPI]: EXI SLIPPI: Invalid command byte: 0x3A. Prev command: 0x0
54:03:143 Core/HW/EXI_DeviceSlippi.cpp:3302 E[SLIPPI]: EXI SLIPPI: Invalid command byte: 0x3A. Prev command: 0x0
54:03:160 Core/HW/EXI_DeviceSlippi.cpp:3302 E[SLIPPI]: EXI SLIPPI: Invalid command byte: 0x3A. Prev command: 0x0
54:03:176 Core/HW/EXI_DeviceSlippi.cpp:3302 E[SLIPPI]: EXI SLIPPI: Invalid command byte: 0x3A. Prev command: 0x0
54:03:193 Core/HW/EXI_DeviceSlippi.cpp:3302 E[SLIPPI]: EXI SLIPPI: Invalid command byte: 0x3A. Prev command: 0x0
54:03:209 Core/HW/EXI_DeviceSlippi.cpp:3302 E[SLIPPI]: EXI SLIPPI: Invalid command byte: 0x3A. Prev command: 0x0
54:03:226 Core/HW/EXI_DeviceSlippi.cpp:3302 E[SLIPPI]: EXI SLIPPI: Invalid command byte: 0x3A. Prev command: 0x0
54:03:244 Core/HW/EXI_DeviceSlippi.cpp:3302 E[SLIPPI]: EXI SLIPPI: Invalid command byte: 0x3A. Prev command: 0x0
54:03:260 Core/HW/EXI_DeviceSlippi.cpp:3302 E[SLIPPI]: EXI SLIPPI: Invalid command byte: 0x3A. Prev command: 0x0
54:03:276 Core/HW/EXI_DeviceSlippi.cpp:3302 E[SLIPPI]: EXI SLIPPI: Invalid command byte: 0x3A. Prev command: 0x0
54:03:299 Core/HW/EXI_DeviceSlippi.cpp:3302 E[SLIPPI]: EXI SLIPPI: Invalid command byte: 0x3A. Prev command: 0x0
54:03:310 Core/HW/EXI_DeviceSlippi.cpp:3302 E[SLIPPI]: EXI SLIPPI: Invalid command byte: 0x3A. Prev command: 0x0
54:03:326 Core/HW/EXI_DeviceSlippi.cpp:3302 E[SLIPPI]: EXI SLIPPI: Invalid command byte: 0x3A. Prev command: 0x0
54:03:345 Core/HW/EXI_DeviceSlippi.cpp:3302 E[SLIPPI]: EXI SLIPPI: Invalid command byte: 0x3A. Prev command: 0x0
54:03:361 Core/HW/EXI_DeviceSlippi.cpp:3302 E[SLIPPI]: EXI SLIPPI: Invalid command byte: 0x3A. Prev command: 0x0
54:03:377 Core/HW/EXI_DeviceSlippi.cpp:3302 E[SLIPPI]: EXI SLIPPI: Invalid command byte: 0x3A. Prev command: 0x0
54:03:393 Core/HW/EXI_DeviceSlippi.cpp:3302 E[SLIPPI]: EXI SLIPPI: Invalid command byte: 0x3A. Prev command: 0x0
54:03:411 Core/HW/EXI_DeviceSlippi.cpp:3302 E[SLIPPI]: EXI SLIPPI: Invalid command byte: 0x3A. Prev command: 0x0
54:03:426 Core/HW/EXI_DeviceSlippi.cpp:3302 E[SLIPPI]: EXI SLIPPI: Invalid command byte: 0x3A. Prev command: 0x0
54:03:444 Core/HW/EXI_DeviceSlippi.cpp:3302 E[SLIPPI]: EXI SLIPPI: Invalid command byte: 0x3A. Prev command: 0x0
54:03:460 Core/HW/EXI_DeviceSlippi.cpp:3302 E[SLIPPI]: EXI SLIPPI: Invalid command byte: 0x3A. Prev command: 0x0
54:03:477 Core/HW/EXI_DeviceSlippi.cpp:3302 E[SLIPPI]: EXI SLIPPI: Invalid command byte: 0x3A. Prev command: 0x0
54:03:493 Core/HW/EXI_DeviceSlippi.cpp:3302 E[SLIPPI]: EXI SLIPPI: Invalid command byte: 0x3A. Prev command: 0x0
54:03:510 Core/HW/EXI_DeviceSlippi.cpp:3302 E[SLIPPI]: EXI SLIPPI: Invalid command byte: 0x3A. Prev command: 0x0
54:03:527 Core/HW/EXI_DeviceSlippi.cpp:3302 E[SLIPPI]: EXI SLIPPI: Invalid command byte: 0x3A. Prev command: 0x0
54:03:545 Core/HW/EXI_DeviceSlippi.cpp:3302 E[SLIPPI]: EXI SLIPPI: Invalid command byte: 0x3A. Prev command: 0x0
54:03:561 Core/HW/EXI_DeviceSlippi.cpp:3302 E[SLIPPI]: EXI SLIPPI: Invalid command byte: 0x3A. Prev command: 0x0
54:03:578 Core/HW/EXI_DeviceSlippi.cpp:3302 E[SLIPPI]: EXI SLIPPI: Invalid command byte: 0x3A. Prev command: 0x0
54:03:595 Core/HW/EXI_DeviceSlippi.cpp:3302 E[SLIPPI]: EXI SLIPPI: Invalid command byte: 0x3A. Prev command: 0x0
54:03:610 Core/HW/EXI_DeviceSlippi.cpp:3302 E[SLIPPI]: EXI SLIPPI: Invalid command byte: 0x3A. Prev command: 0x0
54:03:627 Core/HW/EXI_DeviceSlippi.cpp:3302 E[SLIPPI]: EXI SLIPPI: Invalid command byte: 0x3A. Prev command: 0x0
54:03:644 Core/HW/EXI_DeviceSlippi.cpp:3302 E[SLIPPI]: EXI SLIPPI: Invalid command byte: 0x3A. Prev command: 0x0
54:03:660 Core/HW/EXI_DeviceSlippi.cpp:3302 E[SLIPPI]: EXI SLIPPI: Invalid command byte: 0x3A. Prev command: 0x0
54:03:678 Core/HW/EXI_DeviceSlippi.cpp:3302 E[SLIPPI]: EXI SLIPPI: Invalid command byte: 0x3A. Prev command: 0x0
54:03:693 Core/HW/EXI_DeviceSlippi.cpp:3302 E[SLIPPI]: EXI SLIPPI: Invalid command byte: 0x3A. Prev command: 0x0
54:03:710 Core/HW/EXI_DeviceSlippi.cpp:3302 E[SLIPPI]: EXI SLIPPI: Invalid command byte: 0x3A. Prev command: 0x0
54:03:727 Core/HW/EXI_DeviceSlippi.cpp:3302 E[SLIPPI]: EXI SLIPPI: Invalid command byte: 0x3A. Prev command: 0x0
54:03:743 Core/HW/EXI_DeviceSlippi.cpp:3302 E[SLIPPI]: EXI SLIPPI: Invalid command byte: 0x3A. Prev command: 0x0
54:03:761 Core/HW/EXI_DeviceSlippi.cpp:3302 E[SLIPPI]: EXI SLIPPI: Invalid command byte: 0x3A. Prev command: 0x0
54:03:777 Core/HW/EXI_DeviceSlippi.cpp:3302 E[SLIPPI]: EXI SLIPPI: Invalid command byte: 0x3A. Prev command: 0x0
54:03:795 Core/HW/EXI_DeviceSlippi.cpp:3302 E[SLIPPI]: EXI SLIPPI: Invalid command byte: 0x3A. Prev command: 0x0
54:03:811 Core/HW/EXI_DeviceSlippi.cpp:3302 E[SLIPPI]: EXI SLIPPI: Invalid command byte: 0x3A. Prev command: 0x0
54:03:827 Core/HW/EXI_DeviceSlippi.cpp:3302 E[SLIPPI]: EXI SLIPPI: Invalid command byte: 0x3A. Prev command: 0x0
54:03:844 Core/HW/EXI_DeviceSlippi.cpp:3302 E[SLIPPI]: EXI SLIPPI: Invalid command byte: 0x3A. Prev command: 0x0
54:03:860 Core/HW/EXI_DeviceSlippi.cpp:3302 E[SLIPPI]: EXI SLIPPI: Invalid command byte: 0x3A. Prev command: 0x0
54:03:881 Core/HW/EXI_DeviceSlippi.cpp:3302 E[SLIPPI]: EXI SLIPPI: Invalid command byte: 0x3A. Prev command: 0x0
54:03:894 Core/HW/EXI_DeviceSlippi.cpp:3302 E[SLIPPI]: EXI SLIPPI: Invalid command byte: 0x3A. Prev command: 0x0
54:03:910 Core/HW/EXI_DeviceSlippi.cpp:3302 E[SLIPPI]: EXI SLIPPI: Invalid command byte: 0x3A. Prev command: 0x0
54:03:927 Core/HW/EXI_DeviceSlippi.cpp:3302 E[SLIPPI]: EXI SLIPPI: Invalid command byte: 0x3A. Prev command: 0x0
54:03:945 Core/HW/EXI_DeviceSlippi.cpp:3302 E[SLIPPI]: EXI SLIPPI: Invalid command byte: 0x3A. Prev command: 0x0
54:03:960 Core/HW/EXI_DeviceSlippi.cpp:3302 E[SLIPPI]: EXI SLIPPI: Invalid command byte: 0x3A. Prev command: 0x0
54:03:980 Core/HW/EXI_DeviceSlippi.cpp:3302 E[SLIPPI]: EXI SLIPPI: Invalid command byte: 0x3A. Prev command: 0x0
54:03:995 Core/HW/EXI_DeviceSlippi.cpp:3302 E[SLIPPI]: EXI SLIPPI: Invalid command byte: 0x3A. Prev command: 0x0
54:04:015 Core/HW/EXI_DeviceSlippi.cpp:3302 E[SLIPPI]: EXI SLIPPI: Invalid command byte: 0x3A. Prev command: 0x0
54:04:027 Core/HW/EXI_DeviceSlippi.cpp:3302 E[SLIPPI]: EXI SLIPPI: Invalid command byte: 0x3A. Prev command: 0x0
54:04:045 Core/HW/EXI_DeviceSlippi.cpp:3302 E[SLIPPI]: EXI SLIPPI: Invalid command byte: 0x3A. Prev command: 0x0
54:04:061 Core/HW/EXI_DeviceSlippi.cpp:3302 E[SLIPPI]: EXI SLIPPI: Invalid command byte: 0x3A. Prev command: 0x0
54:04:079 Core/HW/EXI_DeviceSlippi.cpp:3302 E[SLIPPI]: EXI SLIPPI: Invalid command byte: 0x3A. Prev command: 0x0
54:04:094 Core/HW/EXI_DeviceSlippi.cpp:3302 E[SLIPPI]: EXI SLIPPI: Invalid command byte: 0x3A. Prev command: 0x0
54:04:111 Core/HW/EXI_DeviceSlippi.cpp:3302 E[SLIPPI]: EXI SLIPPI: Invalid command byte: 0x3A. Prev command: 0x0
54:04:128 Core/HW/EXI_DeviceSlippi.cpp:3302 E[SLIPPI]: EXI SLIPPI: Invalid command byte: 0x3A. Prev command: 0x0
54:04:144 Core/HW/EXI_DeviceSlippi.cpp:3302 E[SLIPPI]: EXI SLIPPI: Invalid command byte: 0x3A. Prev command: 0x0
54:04:161 Core/HW/EXI_DeviceSlippi.cpp:3302 E[SLIPPI]: EXI SLIPPI: Invalid command byte: 0x3A. Prev command: 0x0
54:04:178 Core/HW/EXI_DeviceSlippi.cpp:3302 E[SLIPPI]: EXI SLIPPI: Invalid command byte: 0x3A. Prev command: 0x0
54:04:195 Core/HW/EXI_DeviceSlippi.cpp:3302 E[SLIPPI]: EXI SLIPPI: Invalid command byte: 0x3A. Prev command: 0x0
54:04:218 Core/HW/EXI_DeviceSlippi.cpp:3302 E[SLIPPI]: EXI SLIPPI: Invalid command byte: 0x3A. Prev command: 0x0
54:04:233 Core/HW/EXI_DeviceSlippi.cpp:3302 E[SLIPPI]: EXI SLIPPI: Invalid command byte: 0x3A. Prev command: 0x0
54:04:248 Core/HW/EXI_DeviceSlippi.cpp:3302 E[SLIPPI]: EXI SLIPPI: Invalid command byte: 0x3A. Prev command: 0x0
54:04:273 Core/HW/EXI_DeviceSlippi.cpp:3302 E[SLIPPI]: EXI SLIPPI: Invalid command byte: 0x3A. Prev command: 0x0
54:04:284 Core/HW/EXI_DeviceSlippi.cpp:3302 E[SLIPPI]: EXI SLIPPI: Invalid command byte: 0x3A. Prev command: 0x0
54:04:299 Core/HW/EXI_DeviceSlippi.cpp:3302 E[SLIPPI]: EXI SLIPPI: Invalid command byte: 0x3A. Prev command: 0x0
54:04:316 Core/HW/EXI_DeviceSlippi.cpp:3302 E[SLIPPI]: EXI SLIPPI: Invalid command byte: 0x3A. Prev command: 0x0
54:04:337 Core/HW/EXI_DeviceSlippi.cpp:3302 E[SLIPPI]: EXI SLIPPI: Invalid command byte: 0x3A. Prev command: 0x0
54:04:353 Core/HW/EXI_DeviceSlippi.cpp:3302 E[SLIPPI]: EXI SLIPPI: Invalid command byte: 0x3A. Prev command: 0x0
54:04:369 Core/HW/EXI_DeviceSlippi.cpp:3302 E[SLIPPI]: EXI SLIPPI: Invalid command byte: 0x3A. Prev command: 0x0
54:04:384 Core/HW/EXI_DeviceSlippi.cpp:3302 E[SLIPPI]: EXI SLIPPI: Invalid command byte: 0x3A. Prev command: 0x0
54:04:408 Core/HW/EXI_DeviceSlippi.cpp:3302 E[SLIPPI]: EXI SLIPPI: Invalid command byte: 0x3A. Prev command: 0x0
54:04:420 Core/HW/EXI_DeviceSlippi.cpp:3302 E[SLIPPI]: EXI SLIPPI: Invalid command byte: 0x3A. Prev command: 0x0
54:04:437 Core/HW/EXI_DeviceSlippi.cpp:3302 E[SLIPPI]: EXI SLIPPI: Invalid command byte: 0x3A. Prev command: 0x0
54:04:453 Core/HW/EXI_DeviceSlippi.cpp:3302 E[SLIPPI]: EXI SLIPPI: Invalid command byte: 0x3A. Prev command: 0x0
54:04:470 Core/HW/EXI_DeviceSlippi.cpp:3302 E[SLIPPI]: EXI SLIPPI: Invalid command byte: 0x3A. Prev command: 0x0
54:04:488 Core/HW/EXI_DeviceSlippi.cpp:3302 E[SLIPPI]: EXI SLIPPI: Invalid command byte: 0x3A. Prev command: 0x0
54:04:504 Core/HW/EXI_DeviceSlippi.cpp:3302 E[SLIPPI]: EXI SLIPPI: Invalid command byte: 0x3A. Prev command: 0x0
54:04:521 Core/HW/EXI_DeviceSlippi.cpp:3302 E[SLIPPI]: EXI SLIPPI: Invalid command byte: 0x3A. Prev command: 0x0
54:04:539 Core/HW/EXI_DeviceSlippi.cpp:3302 E[SLIPPI]: EXI SLIPPI: Invalid command byte: 0x3A. Prev command: 0x0
54:04:554 Core/HW/EXI_DeviceSlippi.cpp:3302 E[SLIPPI]: EXI SLIPPI: Invalid command byte: 0x3A. Prev command: 0x0
54:04:570 Core/HW/EXI_DeviceSlippi.cpp:3302 E[SLIPPI]: EXI SLIPPI: Invalid command byte: 0x3A. Prev command: 0x0
54:04:587 Core/HW/EXI_DeviceSlippi.cpp:3302 E[SLIPPI]: EXI SLIPPI: Invalid command byte: 0x3A. Prev command: 0x0
54:04:604 Core/HW/EXI_DeviceSlippi.cpp:3302 E[SLIPPI]: EXI SLIPPI: Invalid command byte: 0x3A. Prev command: 0x0
54:04:620 Core/HW/EXI_DeviceSlippi.cpp:3302 E[SLIPPI]: EXI SLIPPI: Invalid command byte: 0x3A. Prev command: 0x0
54:04:638 Core/HW/EXI_DeviceSlippi.cpp:3302 E[SLIPPI]: EXI SLIPPI: Invalid command byte: 0x3A. Prev command: 0x0
54:04:654 Core/HW/EXI_DeviceSlippi.cpp:3302 E[SLIPPI]: EXI SLIPPI: Invalid command byte: 0x3A. Prev command: 0x0
54:04:676 Core/HW/EXI_DeviceSlippi.cpp:3302 E[SLIPPI]: EXI SLIPPI: Invalid command byte: 0x3A. Prev command: 0x0
54:04:691 Core/HW/EXI_DeviceSlippi.cpp:3302 E[SLIPPI]: EXI SLIPPI: Invalid command byte: 0x3A. Prev command: 0x0
54:04:708 Core/HW/EXI_DeviceSlippi.cpp:3302 E[SLIPPI]: EXI SLIPPI: Invalid command byte: 0x3A. Prev command: 0x0
54:04:725 Core/HW/EXI_DeviceSlippi.cpp:3302 E[SLIPPI]: EXI SLIPPI: Invalid command byte: 0x3A. Prev command: 0x0
54:04:744 Core/HW/EXI_DeviceSlippi.cpp:3302 E[SLIPPI]: EXI SLIPPI: Invalid command byte: 0x3A. Prev command: 0x0
54:04:758 Core/HW/EXI_DeviceSlippi.cpp:3302 E[SLIPPI]: EXI SLIPPI: Invalid command byte: 0x3A. Prev command: 0x0
54:04:774 Core/HW/EXI_DeviceSlippi.cpp:3302 E[SLIPPI]: EXI SLIPPI: Invalid command byte: 0x3A. Prev command: 0x0
54:04:792 Core/HW/EXI_DeviceSlippi.cpp:3302 E[SLIPPI]: EXI SLIPPI: Invalid command byte: 0x3A. Prev command: 0x0
54:04:814 Core/HW/EXI_DeviceSlippi.cpp:3302 E[SLIPPI]: EXI SLIPPI: Invalid command byte: 0x3A. Prev command: 0x0
54:04:824 Core/HW/EXI_DeviceSlippi.cpp:3302 E[SLIPPI]: EXI SLIPPI: Invalid command byte: 0x3A. Prev command: 0x0
54:05:257 Core/HW/EXI_DeviceSlippi.cpp:3302 E[SLIPPI]: EXI SLIPPI: Invalid command byte: 0x3A. Prev command: 0x0
54:05:464 Core/HW/EXI_DeviceSlippi.cpp:3302 E[SLIPPI]: EXI SLIPPI: Invalid command byte: 0x3A. Prev command: 0x0
54:05:488 Core/HW/EXI_DeviceSlippi.cpp:3302 E[SLIPPI]: EXI SLIPPI: Invalid command byte: 0x3A. Prev command: 0x0
54:05:501 Core/HW/EXI_DeviceSlippi.cpp:3302 E[SLIPPI]: EXI SLIPPI: Invalid command byte: 0x3A. Prev command: 0x0
54:05:524 Core/HW/EXI_DeviceSlippi.cpp:3302 E[SLIPPI]: EXI SLIPPI: Invalid command byte: 0x3A. Prev command: 0x0
54:05:536 Core/HW/EXI_DeviceSlippi.cpp:3302 E[SLIPPI]: EXI SLIPPI: Invalid command byte: 0x3A. Prev command: 0x0
54:05:552 Core/HW/EXI_DeviceSlippi.cpp:3302 E[SLIPPI]: EXI SLIPPI: Invalid command byte: 0x3A. Prev command: 0x0
54:05:570 Core/HW/EXI_DeviceSlippi.cpp:3302 E[SLIPPI]: EXI SLIPPI: Invalid command byte: 0x3A. Prev command: 0x0
54:05:586 Core/HW/EXI_DeviceSlippi.cpp:3302 E[SLIPPI]: EXI SLIPPI: Invalid command byte: 0x3A. Prev command: 0x0
54:05:604 Core/HW/EXI_DeviceSlippi.cpp:3302 E[SLIPPI]: EXI SLIPPI: Invalid command byte: 0x3A. Prev command: 0x0
54:05:617 Core/HW/EXI_DeviceSlippi.cpp:3302 E[SLIPPI]: EXI SLIPPI: Invalid command byte: 0x3A. Prev command: 0x0
54:05:634 Core/HW/EXI_DeviceSlippi.cpp:3302 E[SLIPPI]: EXI SLIPPI: Invalid command byte: 0x3A. Prev command: 0x0
54:05:670 Core/HW/EXI_DeviceSlippi.cpp:3302 E[SLIPPI]: EXI SLIPPI: Invalid command byte: 0x3A. Prev command: 0x0
54:05:692 Core/HW/EXI_DeviceSlippi.cpp:3302 E[SLIPPI]: EXI SLIPPI: Invalid command byte: 0x3A. Prev command: 0x0
54:05:701 Core/HW/EXI_DeviceSlippi.cpp:3302 E[SLIPPI]: EXI SLIPPI: Invalid command byte: 0x3A. Prev command: 0x0
54:05:718 Core/HW/EXI_DeviceSlippi.cpp:3302 E[SLIPPI]: EXI SLIPPI: Invalid command byte: 0x3A. Prev command: 0x0
54:05:739 Core/HW/EXI_DeviceSlippi.cpp:3302 E[SLIPPI]: EXI SLIPPI: Invalid command byte: 0x3A. Prev command: 0x0
54:05:752 Core/HW/EXI_DeviceSlippi.cpp:3302 E[SLIPPI]: EXI SLIPPI: Invalid command byte: 0x3A. Prev command: 0x0
54:05:768 Core/HW/EXI_DeviceSlippi.cpp:3302 E[SLIPPI]: EXI SLIPPI: Invalid command byte: 0x3A. Prev command: 0x0
54:05:786 Core/HW/EXI_DeviceSlippi.cpp:3302 E[SLIPPI]: EXI SLIPPI: Invalid command byte: 0x3A. Prev command: 0x0
54:05:803 Core/HW/EXI_DeviceSlippi.cpp:3302 E[SLIPPI]: EXI SLIPPI: Invalid command byte: 0x3A. Prev command: 0x0
54:05:821 Core/HW/EXI_DeviceSlippi.cpp:3302 E[SLIPPI]: EXI SLIPPI: Invalid command byte: 0x3A. Prev command: 0x0
54:05:835 Core/HW/EXI_DeviceSlippi.cpp:3302 E[SLIPPI]: EXI SLIPPI: Invalid command byte: 0x3A. Prev command: 0x0
54:05:852 Core/HW/EXI_DeviceSlippi.cpp:3302 E[SLIPPI]: EXI SLIPPI: Invalid command byte: 0x3A. Prev command: 0x0
54:05:872 Core/HW/EXI_DeviceSlippi.cpp:3302 E[SLIPPI]: EXI SLIPPI: Invalid command byte: 0x3A. Prev command: 0x0
54:05:885 Core/HW/EXI_DeviceSlippi.cpp:3302 E[SLIPPI]: EXI SLIPPI: Invalid command byte: 0x3A. Prev command: 0x0
54:05:902 Core/HW/EXI_DeviceSlippi.cpp:3302 E[SLIPPI]: EXI SLIPPI: Invalid command byte: 0x3A. Prev command: 0x0
54:05:919 Core/HW/EXI_DeviceSlippi.cpp:3302 E[SLIPPI]: EXI SLIPPI: Invalid command byte: 0x3A. Prev command: 0x0
54:05:935 Core/HW/EXI_DeviceSlippi.cpp:3302 E[SLIPPI]: EXI SLIPPI: Invalid command byte: 0x3A. Prev command: 0x0
54:05:954 Core/HW/EXI_DeviceSlippi.cpp:3302 E[SLIPPI]: EXI SLIPPI: Invalid command byte: 0x3A. Prev command: 0x0
54:05:969 Core/HW/EXI_DeviceSlippi.cpp:3302 E[SLIPPI]: EXI SLIPPI: Invalid command byte: 0x3A. Prev command: 0x0
54:05:985 Core/HW/EXI_DeviceSlippi.cpp:3302 E[SLIPPI]: EXI SLIPPI: Invalid command byte: 0x3A. Prev command: 0x0
54:06:007 Core/HW/EXI_DeviceSlippi.cpp:3302 E[SLIPPI]: EXI SLIPPI: Invalid command byte: 0x3A. Prev command: 0x0
54:06:020 Core/HW/EXI_DeviceSlippi.cpp:3302 E[SLIPPI]: EXI SLIPPI: Invalid command byte: 0x3A. Prev command: 0x0
54:06:036 Core/HW/EXI_DeviceSlippi.cpp:3302 E[SLIPPI]: EXI SLIPPI: Invalid command byte: 0x3A. Prev command: 0x0
54:06:052 Core/HW/EXI_DeviceSlippi.cpp:3302 E[SLIPPI]: EXI SLIPPI: Invalid command byte: 0x3A. Prev command: 0x0
54:06:072 Core/HW/EXI_DeviceSlippi.cpp:3302 E[SLIPPI]: EXI SLIPPI: Invalid command byte: 0x3A. Prev command: 0x0
54:06:087 Core/HW/EXI_DeviceSlippi.cpp:3302 E[SLIPPI]: EXI SLIPPI: Invalid command byte: 0x3A. Prev command: 0x0
54:06:103 Core/HW/EXI_DeviceSlippi.cpp:3302 E[SLIPPI]: EXI SLIPPI: Invalid command byte: 0x3A. Prev command: 0x0
54:06:119 Core/HW/EXI_DeviceSlippi.cpp:3302 E[SLIPPI]: EXI SLIPPI: Invalid command byte: 0x3A. Prev command: 0x0
54:06:140 Core/HW/EXI_DeviceSlippi.cpp:3302 E[SLIPPI]: EXI SLIPPI: Invalid command byte: 0x3A. Prev command: 0x0
54:06:156 Core/HW/EXI_DeviceSlippi.cpp:3302 E[SLIPPI]: EXI SLIPPI: Invalid command byte: 0x3A. Prev command: 0x0
54:06:175 Core/HW/EXI_DeviceSlippi.cpp:3302 E[SLIPPI]: EXI SLIPPI: Invalid command byte: 0x3A. Prev command: 0x0
54:06:187 Core/HW/EXI_DeviceSlippi.cpp:3302 E[SLIPPI]: EXI SLIPPI: Invalid command byte: 0x3A. Prev command: 0x0
54:06:206 Core/HW/EXI_DeviceSlippi.cpp:3302 E[SLIPPI]: EXI SLIPPI: Invalid command byte: 0x3A. Prev command: 0x0
54:06:221 Core/HW/EXI_DeviceSlippi.cpp:3302 E[SLIPPI]: EXI SLIPPI: Invalid command byte: 0x3A. Prev command: 0x0
54:06:239 Core/HW/EXI_DeviceSlippi.cpp:3302 E[SLIPPI]: EXI SLIPPI: Invalid command byte: 0x3A. Prev command: 0x0
54:06:254 Core/HW/EXI_DeviceSlippi.cpp:3302 E[SLIPPI]: EXI SLIPPI: Invalid command byte: 0x3A. Prev command: 0x0
54:06:271 Core/HW/EXI_DeviceSlippi.cpp:3302 E[SLIPPI]: EXI SLIPPI: Invalid command byte: 0x3A. Prev command: 0x0
54:06:293 Core/HW/EXI_DeviceSlippi.cpp:3302 E[SLIPPI]: EXI SLIPPI: Invalid command byte: 0x3A. Prev command: 0x0
54:06:309 Core/HW/EXI_DeviceSlippi.cpp:3302 E[SLIPPI]: EXI SLIPPI: Invalid command byte: 0x3A. Prev command: 0x0
54:06:323 Core/HW/EXI_DeviceSlippi.cpp:3302 E[SLIPPI]: EXI SLIPPI: Invalid command byte: 0x3A. Prev command: 0x0
54:06:340 Core/HW/EXI_DeviceSlippi.cpp:3302 E[SLIPPI]: EXI SLIPPI: Invalid command byte: 0x3A. Prev command: 0x0
54:06:358 Core/HW/EXI_DeviceSlippi.cpp:3302 E[SLIPPI]: EXI SLIPPI: Invalid command byte: 0x3A. Prev command: 0x0
54:06:373 Core/HW/EXI_DeviceSlippi.cpp:3302 E[SLIPPI]: EXI SLIPPI: Invalid command byte: 0x3A. Prev command: 0x0
54:06:390 Core/HW/EXI_DeviceSlippi.cpp:3302 E[SLIPPI]: EXI SLIPPI: Invalid command byte: 0x3A. Prev command: 0x0
54:06:407 Core/HW/EXI_DeviceSlippi.cpp:3302 E[SLIPPI]: EXI SLIPPI: Invalid command byte: 0x3A. Prev command: 0x0
54:06:423 Core/HW/EXI_DeviceSlippi.cpp:3302 E[SLIPPI]: EXI SLIPPI: Invalid command byte: 0x3A. Prev command: 0x0
54:06:441 Core/HW/EXI_DeviceSlippi.cpp:3302 E[SLIPPI]: EXI SLIPPI: Invalid command byte: 0x3A. Prev command: 0x0
54:06:457 Core/HW/EXI_DeviceSlippi.cpp:3302 E[SLIPPI]: EXI SLIPPI: Invalid command byte: 0x3A. Prev command: 0x0
54:06:473 Core/HW/EXI_DeviceSlippi.cpp:3302 E[SLIPPI]: EXI SLIPPI: Invalid command byte: 0x3A. Prev command: 0x0
54:06:491 Core/HW/EXI_DeviceSlippi.cpp:3302 E[SLIPPI]: EXI SLIPPI: Invalid command byte: 0x3A. Prev command: 0x0
54:06:509 Core/HW/EXI_DeviceSlippi.cpp:3302 E[SLIPPI]: EXI SLIPPI: Invalid command byte: 0x3A. Prev command: 0x0
54:06:525 Core/HW/EXI_DeviceSlippi.cpp:3302 E[SLIPPI]: EXI SLIPPI: Invalid command byte: 0x3A. Prev command: 0x0
54:06:541 Core/HW/EXI_DeviceSlippi.cpp:3302 E[SLIPPI]: EXI SLIPPI: Invalid command byte: 0x3A. Prev command: 0x0
54:06:557 Core/HW/EXI_DeviceSlippi.cpp:3302 E[SLIPPI]: EXI SLIPPI: Invalid command byte: 0x3A. Prev command: 0x0
54:06:574 Core/HW/EXI_DeviceSlippi.cpp:3302 E[SLIPPI]: EXI SLIPPI: Invalid command byte: 0x3A. Prev command: 0x0
54:06:591 Core/HW/EXI_DeviceSlippi.cpp:3302 E[SLIPPI]: EXI SLIPPI: Invalid command byte: 0x3A. Prev command: 0x0
54:06:607 Core/HW/EXI_DeviceSlippi.cpp:3302 E[SLIPPI]: EXI SLIPPI: Invalid command byte: 0x3A. Prev command: 0x0
54:06:624 Core/HW/EXI_DeviceSlippi.cpp:3302 E[SLIPPI]: EXI SLIPPI: Invalid command byte: 0x3A. Prev command: 0x0
54:06:642 Core/HW/EXI_DeviceSlippi.cpp:3302 E[SLIPPI]: EXI SLIPPI: Invalid command byte: 0x3A. Prev command: 0x0
54:06:659 Core/HW/EXI_DeviceSlippi.cpp:3302 E[SLIPPI]: EXI SLIPPI: Invalid command byte: 0x3A. Prev command: 0x0
54:06:674 Core/HW/EXI_DeviceSlippi.cpp:3302 E[SLIPPI]: EXI SLIPPI: Invalid command byte: 0x3A. Prev command: 0x0
54:06:691 Core/HW/EXI_DeviceSlippi.cpp:3302 E[SLIPPI]: EXI SLIPPI: Invalid command byte: 0x3A. Prev command: 0x0
54:06:707 Core/HW/EXI_DeviceSlippi.cpp:3302 E[SLIPPI]: EXI SLIPPI: Invalid command byte: 0x3A. Prev command: 0x0
54:06:726 Core/HW/EXI_DeviceSlippi.cpp:3302 E[SLIPPI]: EXI SLIPPI: Invalid command byte: 0x3A. Prev command: 0x0
54:06:742 Core/HW/EXI_DeviceSlippi.cpp:3302 E[SLIPPI]: EXI SLIPPI: Invalid command byte: 0x3A. Prev command: 0x0
54:06:758 Core/HW/EXI_DeviceSlippi.cpp:3302 E[SLIPPI]: EXI SLIPPI: Invalid command byte: 0x3A. Prev command: 0x0
54:06:776 Core/HW/EXI_DeviceSlippi.cpp:3302 E[SLIPPI]: EXI SLIPPI: Invalid command byte: 0x3A. Prev command: 0x0
54:06:792 Core/HW/EXI_DeviceSlippi.cpp:3302 E[SLIPPI]: EXI SLIPPI: Invalid command byte: 0x3A. Prev command: 0x0
54:06:809 Core/HW/EXI_DeviceSlippi.cpp:3302 E[SLIPPI]: EXI SLIPPI: Invalid command byte: 0x3A. Prev command: 0x0
54:06:826 Core/HW/EXI_DeviceSlippi.cpp:3302 E[SLIPPI]: EXI SLIPPI: Invalid command byte: 0x3A. Prev command: 0x0
54:06:842 Core/HW/EXI_DeviceSlippi.cpp:3302 E[SLIPPI]: EXI SLIPPI: Invalid command byte: 0x3A. Prev command: 0x0
54:06:858 Core/HW/EXI_DeviceSlippi.cpp:3302 E[SLIPPI]: EXI SLIPPI: Invalid command byte: 0x3A. Prev command: 0x0
54:06:876 Core/HW/EXI_DeviceSlippi.cpp:3302 E[SLIPPI]: EXI SLIPPI: Invalid command byte: 0x3A. Prev command: 0x0
54:06:893 Core/HW/EXI_DeviceSlippi.cpp:3302 E[SLIPPI]: EXI SLIPPI: Invalid command byte: 0x3A. Prev command: 0x0
54:06:909 Core/HW/EXI_DeviceSlippi.cpp:3302 E[SLIPPI]: EXI SLIPPI: Invalid command byte: 0x3A. Prev command: 0x0
54:06:926 Core/HW/EXI_DeviceSlippi.cpp:3302 E[SLIPPI]: EXI SLIPPI: Invalid command byte: 0x3A. Prev command: 0x0
54:06:942 Core/HW/EXI_DeviceSlippi.cpp:3302 E[SLIPPI]: EXI SLIPPI: Invalid command byte: 0x3A. Prev command: 0x0
54:06:959 Core/HW/EXI_DeviceSlippi.cpp:3302 E[SLIPPI]: EXI SLIPPI: Invalid command byte: 0x3A. Prev command: 0x0
54:06:977 Core/HW/EXI_DeviceSlippi.cpp:3302 E[SLIPPI]: EXI SLIPPI: Invalid command byte: 0x3A. Prev command: 0x0
54:06:992 Core/HW/EXI_DeviceSlippi.cpp:3302 E[SLIPPI]: EXI SLIPPI: Invalid command byte: 0x3A. Prev command: 0x0
54:07:008 Core/HW/EXI_DeviceSlippi.cpp:3302 E[SLIPPI]: EXI SLIPPI: Invalid command byte: 0x3A. Prev command: 0x0
54:07:026 Core/HW/EXI_DeviceSlippi.cpp:3302 E[SLIPPI]: EXI SLIPPI: Invalid command byte: 0x3A. Prev command: 0x0
54:07:043 Core/HW/EXI_DeviceSlippi.cpp:3302 E[SLIPPI]: EXI SLIPPI: Invalid command byte: 0x3A. Prev command: 0x0
54:07:059 Core/HW/EXI_DeviceSlippi.cpp:3302 E[SLIPPI]: EXI SLIPPI: Invalid command byte: 0x3A. Prev command: 0x0
54:07:078 Core/HW/EXI_DeviceSlippi.cpp:3302 E[SLIPPI]: EXI SLIPPI: Invalid command byte: 0x3A. Prev command: 0x0
54:07:093 Core/HW/EXI_DeviceSlippi.cpp:3302 E[SLIPPI]: EXI SLIPPI: Invalid command byte: 0x3A. Prev command: 0x0
54:07:109 Core/HW/EXI_DeviceSlippi.cpp:3302 E[SLIPPI]: EXI SLIPPI: Invalid command byte: 0x3A. Prev command: 0x0
54:07:127 Core/HW/EXI_DeviceSlippi.cpp:3302 E[SLIPPI]: EXI SLIPPI: Invalid command byte: 0x3A. Prev command: 0x0
54:07:143 Core/HW/EXI_DeviceSlippi.cpp:3302 E[SLIPPI]: EXI SLIPPI: Invalid command byte: 0x3A. Prev command: 0x0
54:07:159 Core/HW/EXI_DeviceSlippi.cpp:3302 E[SLIPPI]: EXI SLIPPI: Invalid command byte: 0x3A. Prev command: 0x0
54:07:178 Core/HW/EXI_DeviceSlippi.cpp:3302 E[SLIPPI]: EXI SLIPPI: Invalid command byte: 0x3A. Prev command: 0x0
54:07:194 Core/HW/EXI_DeviceSlippi.cpp:3302 E[SLIPPI]: EXI SLIPPI: Invalid command byte: 0x3A. Prev command: 0x0
54:07:212 Core/HW/EXI_DeviceSlippi.cpp:3302 E[SLIPPI]: EXI SLIPPI: Invalid command byte: 0x3A. Prev command: 0x0
54:07:228 Core/HW/EXI_DeviceSlippi.cpp:3302 E[SLIPPI]: EXI SLIPPI: Invalid command byte: 0x3A. Prev command: 0x0
54:07:245 Core/HW/EXI_DeviceSlippi.cpp:3302 E[SLIPPI]: EXI SLIPPI: Invalid command byte: 0x3A. Prev command: 0x0
54:07:262 Core/HW/EXI_DeviceSlippi.cpp:3302 E[SLIPPI]: EXI SLIPPI: Invalid command byte: 0x3A. Prev command: 0x0
54:07:278 Core/HW/EXI_DeviceSlippi.cpp:3302 E[SLIPPI]: EXI SLIPPI: Invalid command byte: 0x3A. Prev command: 0x0
54:07:294 Core/HW/EXI_DeviceSlippi.cpp:3302 E[SLIPPI]: EXI SLIPPI: Invalid command byte: 0x3A. Prev command: 0x0
54:07:311 Core/HW/EXI_DeviceSlippi.cpp:3302 E[SLIPPI]: EXI SLIPPI: Invalid command byte: 0x3A. Prev command: 0x0
54:07:328 Core/HW/EXI_DeviceSlippi.cpp:3302 E[SLIPPI]: EXI SLIPPI: Invalid command byte: 0x3A. Prev command: 0x0
54:07:344 Core/HW/EXI_DeviceSlippi.cpp:3302 E[SLIPPI]: EXI SLIPPI: Invalid command byte: 0x3A. Prev command: 0x0
54:07:361 Core/HW/EXI_DeviceSlippi.cpp:3302 E[SLIPPI]: EXI SLIPPI: Invalid command byte: 0x3A. Prev command: 0x0
54:07:377 Core/HW/EXI_DeviceSlippi.cpp:3302 E[SLIPPI]: EXI SLIPPI: Invalid command byte: 0x3A. Prev command: 0x0
54:07:394 Core/HW/EXI_DeviceSlippi.cpp:3302 E[SLIPPI]: EXI SLIPPI: Invalid command byte: 0x3A. Prev command: 0x0
54:07:412 Core/HW/EXI_DeviceSlippi.cpp:3302 E[SLIPPI]: EXI SLIPPI: Invalid command byte: 0x3A. Prev command: 0x0
54:07:428 Core/HW/EXI_DeviceSlippi.cpp:3302 E[SLIPPI]: EXI SLIPPI: Invalid command byte: 0x3A. Prev command: 0x0
54:07:445 Core/HW/EXI_DeviceSlippi.cpp:3302 E[SLIPPI]: EXI SLIPPI: Invalid command byte: 0x3A. Prev command: 0x0
54:07:462 Core/HW/EXI_DeviceSlippi.cpp:3302 E[SLIPPI]: EXI SLIPPI: Invalid command byte: 0x3A. Prev command: 0x0
54:07:478 Core/HW/EXI_DeviceSlippi.cpp:3302 E[SLIPPI]: EXI SLIPPI: Invalid command byte: 0x3A. Prev command: 0x0
54:07:494 Core/HW/EXI_DeviceSlippi.cpp:3302 E[SLIPPI]: EXI SLIPPI: Invalid command byte: 0x3A. Prev command: 0x0
54:07:512 Core/HW/EXI_DeviceSlippi.cpp:3302 E[SLIPPI]: EXI SLIPPI: Invalid command byte: 0x3A. Prev command: 0x0
54:07:533 Core/HW/EXI_DeviceSlippi.cpp:3302 E[SLIPPI]: EXI SLIPPI: Invalid command byte: 0x3A. Prev command: 0x0
54:07:551 Core/HW/EXI_DeviceSlippi.cpp:3302 E[SLIPPI]: EXI SLIPPI: Invalid command byte: 0x3A. Prev command: 0x0
54:07:565 Core/HW/EXI_DeviceSlippi.cpp:3302 E[SLIPPI]: EXI SLIPPI: Invalid command byte: 0x3A. Prev command: 0x0
54:07:585 Core/HW/EXI_DeviceSlippi.cpp:3302 E[SLIPPI]: EXI SLIPPI: Invalid command byte: 0x3A. Prev command: 0x0
54:07:596 Core/HW/EXI_DeviceSlippi.cpp:3302 E[SLIPPI]: EXI SLIPPI: Invalid command byte: 0x3A. Prev command: 0x0
54:07:616 Core/HW/EXI_DeviceSlippi.cpp:3302 E[SLIPPI]: EXI SLIPPI: Invalid command byte: 0x3A. Prev command: 0x0
54:07:632 Core/HW/EXI_DeviceSlippi.cpp:3302 E[SLIPPI]: EXI SLIPPI: Invalid command byte: 0x3A. Prev command: 0x0
54:07:651 Core/HW/EXI_DeviceSlippi.cpp:3302 E[SLIPPI]: EXI SLIPPI: Invalid command byte: 0x3A. Prev command: 0x0
54:07:663 Core/HW/EXI_DeviceSlippi.cpp:3302 E[SLIPPI]: EXI SLIPPI: Invalid command byte: 0x3A. Prev command: 0x0
54:07:679 Core/HW/EXI_DeviceSlippi.cpp:3302 E[SLIPPI]: EXI SLIPPI: Invalid command byte: 0x3A. Prev command: 0x0
54:07:696 Core/HW/EXI_DeviceSlippi.cpp:3302 E[SLIPPI]: EXI SLIPPI: Invalid command byte: 0x3A. Prev command: 0x0
54:07:721 Core/HW/EXI_DeviceSlippi.cpp:3302 E[SLIPPI]: EXI SLIPPI: Invalid command byte: 0x3A. Prev command: 0x0
54:07:732 Core/HW/EXI_DeviceSlippi.cpp:3302 E[SLIPPI]: EXI SLIPPI: Invalid command byte: 0x3A. Prev command: 0x0
54:07:752 Core/HW/EXI_DeviceSlippi.cpp:3302 E[SLIPPI]: EXI SLIPPI: Invalid command byte: 0x3A. Prev command: 0x0
54:07:768 Core/HW/EXI_DeviceSlippi.cpp:3302 E[SLIPPI]: EXI SLIPPI: Invalid command byte: 0x3A. Prev command: 0x0
54:07:791 Core/HW/EXI_DeviceSlippi.cpp:3302 E[SLIPPI]: EXI SLIPPI: Invalid command byte: 0x3A. Prev command: 0x0
54:07:803 Core/HW/EXI_DeviceSlippi.cpp:3302 E[SLIPPI]: EXI SLIPPI: Invalid command byte: 0x3A. Prev command: 0x0
54:07:822 Core/HW/EXI_DeviceSlippi.cpp:3302 E[SLIPPI]: EXI SLIPPI: Invalid command byte: 0x3A. Prev command: 0x0
54:07:835 Core/HW/EXI_DeviceSlippi.cpp:3302 E[SLIPPI]: EXI SLIPPI: Invalid command byte: 0x3A. Prev command: 0x0
54:08:253 Core/HW/EXI_DeviceSlippi.cpp:3302 E[SLIPPI]: EXI SLIPPI: Invalid command byte: 0x3A. Prev command: 0x0
54:08:483 Core/HW/EXI_DeviceSlippi.cpp:3302 E[SLIPPI]: EXI SLIPPI: Invalid command byte: 0x3A. Prev command: 0x0
54:08:510 Core/HW/EXI_DeviceSlippi.cpp:3302 E[SLIPPI]: EXI SLIPPI: Invalid command byte: 0x3A. Prev command: 0x0
54:08:527 Core/HW/EXI_DeviceSlippi.cpp:3302 E[SLIPPI]: EXI SLIPPI: Invalid command byte: 0x3A. Prev command: 0x0
54:08:546 Core/HW/EXI_DeviceSlippi.cpp:3302 E[SLIPPI]: EXI SLIPPI: Invalid command byte: 0x3A. Prev command: 0x0
54:08:561 Core/HW/EXI_DeviceSlippi.cpp:3302 E[SLIPPI]: EXI SLIPPI: Invalid command byte: 0x3A. Prev command: 0x0
54:08:578 Core/HW/EXI_DeviceSlippi.cpp:3302 E[SLIPPI]: EXI SLIPPI: Invalid command byte: 0x3A. Prev command: 0x0
